,Audio file name,Iterations,Tracks,Correlations,Tracks removed
0,jazz_audio10,initial iteration,"['by Andres Chait', 'Echoes', 'G Electrica', 'Bajo', 'Harpsichord', 'Clavs', 'Rain', 'Acordes', 'Saxo', 'Square']","[0.378, -0.424, 0.046, 0.06, 0.344, -0.176, 0.441, -0.238, 0.507, -0.211]",['Echoes']
1,jazz_audio10,iteration1,"['by Andres Chait', 'G Electrica', 'Bajo', 'Harpsichord', 'Clavs', 'Rain', 'Acordes', 'Saxo', 'Square']","[0.3122906378423179, 0.1963255862140415, 0.758331318852091, 0.12356252374210036, 0.6340781158269158, 0.15029181199709915, 0.6274475947093967, 0.2635977483855372, 0.15301999516524503]",['Acordes']
2,jazz_audio10,iteration2,"['by Andres Chait', 'G Electrica', 'Bajo', 'Harpsichord', 'Clavs', 'Rain', 'Saxo', 'Square']","[0.3282060785767235, 0.19840622683469236, 0.7479985174203113, 0.1427353595255745, 0.6416975537435137, 0.1541882876204596, 0.28676797627872497, 0.16152705707931803]",['Clavs']
3,jazz_audio10,iteration3,"['by Andres Chait', 'G Electrica', 'Bajo', 'Harpsichord', 'Rain', 'Saxo', 'Square']","[0.31557592080870267, 0.19983210325649725, 0.74297806848788, 0.1607261534156494, 0.1428521459302529, 0.27059358494525865, 0.14830879009409215]",['Square']
4,jazz_audio39,initial iteration,"['piano track 7', 'piano track 6', 'piano track 4', 'piano track 5', 'piano track 1', 'piano track 0', 'piano track 2', 'piano track 3', 'piano track 10', 'piano track 11', 'www.devianjazz.com', '***** by Dave Koz *****', '------ MY WISH ------', 'piano track 8', 'piano track 9']","[-0.043, 0.045, -0.41, 0.033, -0.195, 0.209, -0.188, -0.047, 0.818, 1.0, -0.064, -0.099, -0.773, -0.422, 0.121]",['------ MY WISH ------']
5,jazz_audio39,iteration1,"['piano track 7', 'piano track 6', 'piano track 4', 'piano track 5', 'piano track 1', 'piano track 0', 'piano track 2', 'piano track 3', 'Sequences by Devian', 'piano track 10', 'piano track 11', 'www.devianjazz.com', '***** by Dave Koz *****', 'piano track 8', 'piano track 9']","[0.022668667072999204, 0.14088799287355244, 0.007454639223592292, 0.17281635332176848, 0.010853767171456702, 0.657508556425524, 0.47355712879178585, 0.00930657789863566, 0.0, 0.6699095128698017, 0.012072764780346008, 0.37395095878850393, 0.19297669839186085, 0.009048713019832153, 0.1866238454686108]",['piano track 4']
6,jazz_audio39,iteration2,"['piano track 7', 'piano track 6', 'piano track 5', 'piano track 1', 'piano track 0', 'piano track 2', 'piano track 3', 'Sequences by Devian', 'piano track 10', 'piano track 11', 'www.devianjazz.com', '***** by Dave Koz *****', 'piano track 8', 'piano track 9']","[0.02258976335646039, 0.14039759852360595, 0.17221482467820684, 0.010839348704651109, 0.6552199406639101, 0.47536617842876167, 0.009274184128763987, 0.0, 0.6675543719485131, 0.01203074263555026, 0.37615343284976754, 0.19232835751162194, 0.00901721681033476, 0.18772630644520755]",['piano track 8']
7,jazz_audio39,iteration3,"['piano track 7', 'piano track 6', 'piano track 5', 'piano track 1', 'piano track 0', 'piano track 2', 'piano track 3', 'Sequences by Devian', 'piano track 10', 'piano track 11', 'www.devianjazz.com', '***** by Dave Koz *****', 'piano track 9']","[0.022663885438395013, 0.14085827454473013, 0.17277990015703001, 0.010874915039726252, 0.6576276747837908, 0.4734572386153233, 0.009304614807696815, 0.0, 0.6700260154217546, 0.012070218201420301, 0.3738955164412778, 0.1929594300044531, 0.1865844798087515]",['piano track 1']
8,jazz_audio2,initial iteration,"['Drums', 'organ', ' trumpet', 'tenor sax', 'l clavinet', 'brass', 'finger bass', 'slap bass', 'mute guit', ' trombone', 'sax', ' rock organ']","[0.525, 0.296, 0.715, 0.033, 0.106, 0.352, 0.043, -0.277, -0.21, 0.085, 0.309, 0.082]",['slap bass']
9,jazz_audio2,iteration1,"['Drums', 'organ', 'piano track 0', ' trumpet', 'tenor sax', 'l clavinet', 'brass', 'finger bass', 'mute guit', ' trombone', 'sax', ' rock organ']","[0.44281378810526795, 0.24718032341350726, 0.0, 0.3662182361733931, 0.42229469583729673, 0.6179281605290574, 0.4268242967794537, 0.3526747293563437, 0.3945735380712959, 0.24056710603795806, 0.3373193821624315, 0.12320514562667029]",['mute guit']
10,jazz_audio2,iteration2,"['Drums', 'organ', 'piano track 0', ' trumpet', 'tenor sax', 'l clavinet', 'brass', 'finger bass', ' trombone', 'sax', ' rock organ']","[0.46042747272402074, 0.253934895367555, 0.0, 0.36075836165265607, 0.4121355750313003, 0.6304775532105169, 0.4226435342514756, 0.3608477910928278, 0.23747987837596138, 0.33875871937041674, 0.11925415846896799]",[' rock organ']
11,jazz_audio2,iteration3,"['Drums', 'organ', 'piano track 0', ' trumpet', 'tenor sax', 'l clavinet', 'brass', 'finger bass', ' trombone', 'sax']","[0.45955440921421264, 0.25565882509894605, 0.0, 0.3533152488104238, 0.4131275848267888, 0.6268955396451283, 0.4182416507315338, 0.3614977542580157, 0.23715924756525994, 0.339707386489972]",['finger bass']
12,jazz_audio13,initial iteration,"['Drums', 'Fingered', 'Strings 2', 'Fr Horn', 'Ch Piano', 'Mute Gt', 'Syn Strings']","[0.325, 0.093, 0.143, 0.131, -0.041, -0.044, 0.305]",['Mute Gt']
13,jazz_audio13,iteration1,"['Drums', 'Whistle', 'Fingered', 'Strings 2', 'Fr Horn', 'Ch Piano', 'Syn Strings']","[0.23439159353865072, 0.0, 0.559387401486781, 0.5518976021463305, 0.16941478955899614, 0.48507629534402774, 0.09244871723212789]",['Fr Horn']
14,jazz_audio13,iteration2,"['Drums', 'Whistle', 'Fingered', 'Strings 2', 'Ch Piano', 'Syn Strings']","[0.23716962662564675, 0.0, 0.5303314221787163, 0.532540903370158, 0.49470004195217454, 0.08029646203328206]",['Ch Piano']
15,jazz_audio13,iteration3,"['Drums', 'Whistle', 'Fingered', 'Strings 2', 'Syn Strings']","[0.19876190829224896, 0.0, 0.6451050895207028, 0.7335508025354932, 0.12484709196723134]",['Fingered']
16,jazz_audio12,initial iteration,"['Drums', 'R choir', 'L choir', 'dx legend', 'tenor sax', 'rev cym', 'L organ', 'brass', 'bass', 'mute guit', 'clavinet', 'solo guit', 'trumpet']","[0.091, 0.024, 0.024, 0.091, 0.267, 0.057, 0.074, 0.494, -0.058, -0.089, 0.298, 0.125, 0.128]",['mute guit']
17,jazz_audio12,iteration1,"['Drums', 'R choir', 'L choir', 'dx legend', 'tenor sax', 'rev cym', 'L organ', 'brass', 'bass', 'clavinet', 'solo guit', 'trumpet']","[0.5174106951413011, 0.2715167888846005, 0.2715382306273854, 0.6314807667567219, 0.5431407864831254, 0.0021227325357005018, 0.18412024529353746, 0.668510656546164, 0.41974355675629316, 0.02637334362536987, 0.14526780736738282, 0.3487713881384279]",['R choir']
18,jazz_audio12,iteration2,"['Drums', 'L choir', 'dx legend', 'tenor sax', 'rev cym', 'L organ', 'brass', 'bass', 'clavinet', 'solo guit', 'trumpet']","[0.5158003876842627, 0.24500743812829645, 0.6328945588964522, 0.5663571203173602, 0.0022314384889329667, 0.1849614569715548, 0.6971329396384619, 0.42079520353423794, 0.02862552404994816, 0.13541901456069963, 0.36345399630347563]",['clavinet']
19,jazz_audio12,iteration3,"['Drums', 'L choir', 'dx legend', 'tenor sax', 'rev cym', 'L organ', 'brass', 'bass', 'solo guit', 'trumpet']","[0.5219273649027569, 0.24688754794858567, 0.6358599340496647, 0.5634491576751385, 0.003701294331411651, 0.18840709751228157, 0.6966508894322438, 0.4193454317055116, 0.13127257228739989, 0.3627268444783418]",['rev cym']
20,jazz_audio1,initial iteration,"[' Koto', ' Trumpet', ' Fat& p', ' Conv', ' Organ', ' Bass', ' Piano', ' Drums', ' Brass Hit', ' lead guit', ' Synth', ' Sax', ' Trombone', ' Clav', ' Mute Guit']","[-0.058, 0.348, -0.671, 0.053, 0.476, 0.005, -0.151, 0.052, 0.038, -0.183, 0.141, -0.081, 0.149, -0.105, -0.27]",[' Fat& p']
21,jazz_audio1,iteration1,"[' Koto', ' Trumpet', ' Conv', ' Organ', ' Bass', ' Piano', ' Drums', ' Brass Hit', ' lead guit', ' Synth', ' Sax', ' Trombone', ' Clav', ' Mute Guit']","[0.06776266377367939, 0.5109738796628557, 0.26523686333416785, 0.03418732092686862, 0.6000723246821886, 0.5933127486160951, 0.26354001502128016, 0.0893766168739047, 0.43358646972099363, 0.04005674705833264, 0.5742023422070155, 0.5761217280035607, 0.03371442877409664, 0.42404517510918244]",[' Mute Guit']
22,jazz_audio1,iteration2,"[' Koto', ' Trumpet', ' Conv', ' Organ', ' Bass', ' Piano', ' Drums', ' Brass Hit', ' lead guit', ' Synth', ' Sax', ' Trombone', ' Clav']","[0.06742882512903046, 0.5187302292025084, 0.26691270325767247, 0.03299295188412232, 0.5978966646317776, 0.5856040845773905, 0.2630001664909262, 0.09012708807369998, 0.4220544980298574, 0.03668350074920917, 0.5829402297574782, 0.5888506576391587, 0.033631167101392974]",[' lead guit']
23,jazz_audio1,iteration3,"[' Koto', ' Trumpet', ' Conv', ' Organ', ' Bass', ' Piano', ' Drums', ' Brass Hit', ' Synth', ' Sax', ' Trombone', ' Clav']","[0.06429893957246255, 0.5183470796162262, 0.27057734388150145, 0.030269876002917577, 0.5956068002019862, 0.5848903102732425, 0.25526005722942263, 0.09075352073163889, 0.03400100993098805, 0.5856758121528363, 0.5890983560567805, 0.03383268809964653]",[' Koto']
24,jazz_audio5,initial iteration,"['Solo Guitarra', 'by Andres Chait', 'Piano', 'Guitarra', 'Bells', 'Brass', 'Bajo', 'Strings']","[0.649, -0.005, -0.035, 0.477, -0.049, 0.616, 0.112, -0.092]",['Strings']
25,jazz_audio5,iteration1,"['Solo Guitarra', 'by Andres Chait', 'Piano', 'Guitarra', 'Bells', 'Brass', 'Bajo']","[0.4071639618036227, 0.26690360981458483, 0.604547595597996, 0.5438273455230591, 0.3872735836937438, 0.10030831156596583, 0.7593028732925106]",['Piano']
26,jazz_audio5,iteration2,"['Solo Guitarra', 'by Andres Chait', 'Guitarra', 'Bells', 'Brass', 'Bajo']","[0.4533741089698905, 0.2755278720964224, 0.5477727058082795, 0.3911312990488183, 0.10386544039936138, 0.7395156394054553]",['Bells']
27,jazz_audio5,iteration3,"['Solo Guitarra', 'by Andres Chait', 'Guitarra', 'Brass', 'Bajo']","[0.4688154526413777, 0.26143821270653944, 0.5525017454037701, 0.10672562252734466, 0.7560856411449849]",['by Andres Chait']
28,jazz_audio16,initial iteration,"['DRUMS', 'PAN FLUTE', 'SYNBRASS 2', 'MUTED GTR', 'STRINGS', 'MELODY', 'E.PIANO 1', 'FRETLESS', 'JAZZ GTR', 'CLEAN GTR']","[0.084, -0.191, 0.189, 0.128, 0.103, 0.05, 0.132, 0.066, 0.258, -0.27]",['CLEAN GTR']
29,jazz_audio16,iteration1,"['DRUMS', 'PAN FLUTE', 'SYNBRASS 2', 'MUTED GTR', 'STRINGS', 'MELODY', 'E.PIANO 1', 'FRETLESS', 'JAZZ GTR']","[0.24053559719777753, 0.030041067053180107, 0.4041481174724782, 0.7619491320702626, 0.6820409290126652, 0.44152258687924906, 0.8075887773061393, 0.3021361769679401, 0.16704627808261724]",['PAN FLUTE']
30,jazz_audio16,iteration2,"['DRUMS', 'SYNBRASS 2', 'MUTED GTR', 'STRINGS', 'MELODY', 'E.PIANO 1', 'FRETLESS', 'JAZZ GTR']","[0.22028652131996007, 0.4133924191938839, 0.7611251120545304, 0.6611301862219441, 0.44062378431405713, 0.8160952590362465, 0.30563401721834144, 0.1654855132520339]",['DRUMS']
31,jazz_audio16,iteration3,"['SYNBRASS 2', 'MUTED GTR', 'STRINGS', 'MELODY', 'E.PIANO 1', 'FRETLESS', 'JAZZ GTR']","[0.4203807982561884, 0.7586406195815513, 0.6611291840745083, 0.43009065838796506, 0.822580378816652, 0.3040276103505788, 0.16325115180738808]",['MELODY']
32,jazz_audio17,initial iteration,"['Drums', 'Piano', 'Synth Pad', 'Muted Guitar', 'Bass']","[0.259, -0.442, 0.786, -0.828, 0.474]",['Muted Guitar']
33,jazz_audio17,iteration1,"['Drums', 'Piano', 'Synth Pad', 'Bass']","[0.2823226827579385, 0.40340290829953507, 0.6950242358294589, 0.4413888614106242]",['Piano']
34,jazz_audio17,iteration2,"['Drums', 'Synth Pad', 'Bass']","[0.29134442207861, 0.7435109651446128, 0.45449729844263165]",['Drums']
35,jazz_audio17,iteration3,"['Synth Pad', 'Bass']","[0.7630662020905923, 0.4400043554006969]",['Bass']
36,jazz_audio4,initial iteration,"[' Rock kit', ' ghost cymbals', ' voice', ' jazz guit', ' bass', ' el piano', ' vibes']","[0.594, -0.096, -0.16, 0.187, -0.252, 0.055, 0.17]",[' bass']
37,jazz_audio4,iteration1,"[' Rock kit', ' ghost cymbals', ' voice', ' wind chimes', ' jazz guit', ' el piano', ' vibes']","[0.5345438039037675, 0.5396883038281132, 0.346043274322893, 0.0, 0.38595854138296265, 0.6600696020578, 0.23077621425329098]",[' ghost cymbals']
38,jazz_audio4,iteration2,"[' Rock kit', ' voice', ' wind chimes', ' jazz guit', ' el piano', ' vibes']","[0.5391359747588131, 0.34940234209089255, 0.0, 0.3816819367756811, 0.6575147139129908, 0.23399672349978765]",[' voice']
39,jazz_audio4,iteration3,"[' Rock kit', ' wind chimes', ' jazz guit', ' el piano', ' vibes']","[0.541920731707317, 0.0, 0.3808841463414634, 0.6549390243902439, 0.23530487804878047]",[' vibes']
40,jazz_audio6,initial iteration,"['strings (mid)', 'strings (bass)', 'timpani', 'cymbals', 'fr. horn(s)', 'cellos', 'tuba(s)', 'strings (hi)', 'trumpet(s)', 'trombone']","[0.23, 0.126, -0.055, -0.021, 0.196, 0.413, 0.049, 0.795, 0.886, 0.39]",['timpani']
41,jazz_audio6,iteration1,"['strings (mid)', 'strings (bass)', 'cymbals', 'fr. horn(s)', 'cellos', 'piccolo', 'tuba(s)', 'strings (hi)', 'harp', 'trumpet(s)', 'trombone']","[0.7493746226170965, 0.6695419649788665, 0.21124816699732596, 0.6497455360993704, 0.4846890364875356, 0.0, 0.5063831622530838, 0.7251789873199345, 0.0, 0.7300526179591132, 0.4657551971016993]",['cymbals']
42,jazz_audio6,iteration2,"['strings (mid)', 'strings (bass)', 'fr. horn(s)', 'cellos', 'piccolo', 'tuba(s)', 'strings (hi)', 'harp', 'trumpet(s)', 'trombone']","[0.7529947916666667, 0.6738715277777778, 0.6532118055555556, 0.4877170138888889, 0.0, 0.5094618055555555, 0.729296875, 0.0, 0.7346354166666667, 0.4647135416666667]",['tuba(s)']
43,jazz_audio6,iteration3,"['strings (mid)', 'strings (bass)', 'fr. horn(s)', 'cellos', 'piccolo', 'strings (hi)', 'harp', 'trumpet(s)', 'trombone']","[0.7480682760728161, 0.6676125201903348, 0.6456541668485616, 0.478500021827389, 0.0, 0.7346226044440564, 0.0, 0.7402977255860654, 0.46239140873968654]",['strings (bass)']
44,jazz_audio29,initial iteration,"['by CASIOPEA', 'Iman Tjahjono', 'sequenced by', 'Eyes of Mind', 'comments :']","[0.315, 0.534, -0.029, 0.003, 0.154]",['sequenced by']
45,jazz_audio29,iteration1,"['by CASIOPEA', 'Iman Tjahjono', 'Eyes of Mind', 'comments :']","[0.029241536516303672, 0.7419728242480366, 0.6016241340622941, 0.2759781311773191]",['Eyes of Mind']
46,jazz_audio29,iteration2,"['by CASIOPEA', 'Iman Tjahjono', 'comments :']","[0.024556093623890236, 0.8322841000807103, 0.29673123486682806]",['comments :']
47,jazz_audio29,iteration3,"['by CASIOPEA', 'Iman Tjahjono']","[0.021102065090334885, 0.9402620839570986]",['by CASIOPEA']
48,jazz_audio7,initial iteration,"['by Andres Chait', 'Piano', 'Guitarra', 'Guitarra punteada', 'Guitarra 2', 'Bajo', 'Hammond', 'Voices', 'Saxo']","[0.342, 0.106, 0.105, 0.276, 0.036, 0.135, 0.225, 0.191, 0.997]",['Guitarra 2']
49,jazz_audio7,iteration1,"['by Andres Chait', 'Piano', 'Guitarra', 'Guitarra punteada', 'Bajo', 'Hammond', 'Voices', 'Saxo']","[0.15707858955992862, 0.24061926663148106, 0.7093166453039785, 0.08917037372138029, 0.45381889466938097, 0.02055844580160346, 0.30641634622634395, 0.5378622232275252]",['Piano']
50,jazz_audio7,iteration2,"['by Andres Chait', 'Guitarra', 'Guitarra punteada', 'Bajo', 'Hammond', 'Voices', 'Saxo']","[0.1544015415762129, 0.684342756787082, 0.1273995658218894, 0.45295997268092786, 0.03561236188013757, 0.28589896821718663, 0.5218918457448106]",['Hammond']
51,jazz_audio7,iteration3,"['by Andres Chait', 'Guitarra', 'Guitarra punteada', 'Bajo', 'Voices', 'Saxo']","[0.15419914050549932, 0.6803603078641319, 0.12360696336222594, 0.44749556899021536, 0.2885862043848787, 0.5194843032995848]",['Bajo']
52,jazz_audio19,initial iteration,"['Drums', 'E.Piano 1', 'Acoustic Bs.', 'Vibraphone']","[-0.109, 0.256, 0.212, -0.225]",['Vibraphone']
53,jazz_audio19,iteration1,"['Drums', 'Santur', 'Marimba', 'Midi 9', 'Piano 1', 'Crystal', 'E.Piano 1', 'Acoustic Bs.', 'Jazz Gt']","[0.16070217326423747, 0.0, 0.0, 0.0, 0.0, 0.0, 0.6867894836801693, 0.360338605963589, 0.0]",['Acoustic Bs.']
54,jazz_audio19,iteration2,"['Drums', 'Santur', 'Marimba', 'Midi 9', 'Piano 1', 'Crystal', 'E.Piano 1', 'Jazz Gt']","[0.16375480514697419, 0.0, 0.0, 0.0, 0.0, 0.0, 0.771608774716295, 0.0]",['Drums']
55,jazz_audio19,iteration3,"['Santur', 'Marimba', 'Midi 9', 'Piano 1', 'Crystal', 'E.Piano 1', 'Jazz Gt']","[0.0, 0.0, 0.0, 0.0, 0.0, 0.7863105175292153, 0.0]",['E.Piano 1']
56,jazz_audio18,initial iteration,"['Piano Lead', 'Piano', 'Fretless Bass', 'Standard Drum Set']","[0.481, 0.401, 0.31, -0.005]",['Standard Drum Set']
57,jazz_audio18,iteration1,"['Piano Lead', 'Piano', 'Fretless Bass']","[0.6451013889920523, 0.7148109633811186, 0.5111787863032013]",['Fretless Bass']
58,jazz_audio18,iteration2,"['Piano Lead', 'Piano']","[0.7363233627528418, 0.6797280126377966]",['Piano']
59,jazz_audio18,iteration3,['Piano Lead'],[1.0],['Piano Lead']
60,jazz_audio30,initial iteration,"['piano track 15', 'piano track 29', 'piano track 28', 'piano track 14', 'piano track 16', 'piano track 17', 'piano track 13', 'piano track 20', 'piano track 21', 'piano track 23', 'piano track 22', 'piano track 26', 'piano track 27', 'piano track 19', 'piano track 25', 'piano track 24', 'piano track 30', 'piano track 18']","[-0.17, -0.033, 0.059, -0.29, -0.222, 0.244, 0.062, 0.145, -0.048, 0.042, 0.06, 0.058, 0.244, 0.066, -0.149, 0.074, 0.032, 0.278]",['piano track 14']
61,jazz_audio30,iteration1,"['piano track 15', 'piano track 29', 'piano track 28', 'piano track 16', 'piano track 17', 'piano track 13', 'piano track 20', 'piano track 21', 'piano track 23', 'piano track 22', 'piano track 26', 'piano track 27', 'piano track 19', 'piano track 25', 'piano track 24', 'piano track 30', 'piano track 18']","[0.5314520229534394, 0.6474540568024987, 0.6776712428270502, 0.5935933754630639, 0.24823854143967458, 0.23520011621994624, 0.6868235635941018, 0.3634778818914796, 0.2687586256991356, 0.5970436551173095, 0.33257063993607905, 0.7126098641679378, 0.3747003704510787, 0.35868380910873826, 0.2822691944504976, 0.7298249437059635, 0.40222997021863877]",['piano track 16']
62,jazz_audio30,iteration2,"['piano track 15', 'piano track 29', 'piano track 28', 'piano track 17', 'piano track 13', 'piano track 20', 'piano track 21', 'piano track 23', 'piano track 22', 'piano track 26', 'piano track 27', 'piano track 19', 'piano track 25', 'piano track 24', 'piano track 30', 'piano track 18']","[0.5274330381950876, 0.648019856999963, 0.685029452080169, 0.24284073648723742, 0.2366909939613974, 0.7062201311451117, 0.3700589041603379, 0.2722187233727263, 0.6031193272329863, 0.3407920572000148, 0.7212240210424925, 0.3829881821212907, 0.36791019894046606, 0.2907420442336902, 0.7338939725113919, 0.39973326417960214]",['piano track 25']
63,jazz_audio30,iteration3,"['piano track 15', 'piano track 29', 'piano track 28', 'piano track 17', 'piano track 13', 'piano track 20', 'piano track 21', 'piano track 23', 'piano track 22', 'piano track 26', 'piano track 27', 'piano track 19', 'piano track 24', 'piano track 30', 'piano track 18']","[0.5272088724584103, 0.6450646950092421, 0.6774121996303142, 0.24425138632162663, 0.23105360443622922, 0.6990018484288355, 0.36107208872458413, 0.2725693160813309, 0.5993345656192237, 0.3341959334565619, 0.7164879852125693, 0.376007393715342, 0.2831792975970425, 0.7333086876155268, 0.40406654343807763]",['piano track 21']
64,jazz_audio24,initial iteration,"['piano track 1', 'piano track 2']","[0.302, -0.17]",['piano track 2']
65,jazz_audio24,iteration1,"['piano track 1', 'piano track 0', 'piano track 3']","[0.4879043801889493, 0.0, 0.0]",['piano track 1']
66,jazz_audio24,iteration2,"['piano track 0', 'piano track 3']","[1, 1]",[None]
67,jazz_audio24,iteration3,"['piano track 0', 'piano track 3']","[1, 1]",[None]
68,jazz_audio9,initial iteration,"['by Andres Chait', 'Organo', 'Guitarra', 'G Electrica', 'Trompetas', 'Bajo', 'Strings', 'Clavs', 'Saxo']","[0.387, -0.048, 0.269, 0.351, -0.08, 0.199, 0.096, -0.024, 0.978]",['Trompetas']
69,jazz_audio9,iteration1,"['by Andres Chait', 'Organo', 'Guitarra', 'G Electrica', 'Bajo', 'Strings', 'Clavs', 'Saxo']","[0.2651263395929604, 0.6651066758430833, 0.08866384819585095, 0.1107069118080818, 0.5794907088781831, 0.08327598072952512, 0.39939042375380984, 0.4217874348638285]",['Organo']
70,jazz_audio9,iteration2,"['by Andres Chait', 'Guitarra', 'G Electrica', 'Bajo', 'Strings', 'Clavs', 'Saxo']","[0.2765172886273878, 0.08690658499234304, 0.1077214475699202, 0.5599258483114371, 0.09142016603530265, 0.39524058998952205, 0.4335657290239381]",['Clavs']
71,jazz_audio9,iteration3,"['by Andres Chait', 'Guitarra', 'G Electrica', 'Bajo', 'Strings', 'Saxo']","[0.2729591316235131, 0.08877598906367959, 0.1007120850421334, 0.5648119809838608, 0.09263226622594928, 0.4376568525433066]",['Strings']
72,jazz_audio8,initial iteration,"['Chliffer', 'by Andres Chait', 'Guitarra', 'Echoes', 'Bagpipe', 'G. Electrica', 'Bajo', 'Strings', 'Acordes']","[-0.048, -0.039, 0.253, -0.142, 0.012, -0.198, 0.096, -0.042, 0.114]",['G. Electrica']
73,jazz_audio8,iteration1,"['Chliffer', 'by Andres Chait', 'Guitarra', 'Echoes', 'Bagpipe', 'Bajo', 'Strings', 'Acordes']","[0.4757311969924139, 0.06567905654888447, 0.40580034461924047, 0.2584420524984895, 0.29668583704433055, 0.7134960950612035, 0.7640253317519636, 0.17427887305032783]",['by Andres Chait']
74,jazz_audio8,iteration2,"['Chliffer', 'Guitarra', 'Echoes', 'Bagpipe', 'Bajo', 'Strings', 'Acordes']","[0.5264283742754623, 0.39736866317048486, 0.2927362222835587, 0.3349664182537492, 0.7445487165332597, 0.8075029901554881, 0.20836783512742663]",['Chliffer']
75,jazz_audio8,iteration3,"['Guitarra', 'Echoes', 'Bagpipe', 'Bajo', 'Strings', 'Acordes']","[0.40935399551904406, 0.27947628827483195, 0.27788928304705, 0.8210418222554144, 0.7815533980582524, 0.1961585138162808]",['Acordes']
76,jazz_audio37,initial iteration,"['Piano', 'Alto', 'Acoustic Bass', 'Standard Kit', 'Tenor', 'Acoustic Grand Piano', 'Trumpet']","[-0.045, -0.24, -0.467, 0.448, -0.405, 0.387, 0.985]",['Acoustic Bass']
77,jazz_audio37,iteration1,"['Piano', 'Alto', 'Standard Kit', 'Tenor', 'Acoustic Grand Piano', 'Trumpet']","[0.5058246474555488, 0.7828326180257511, 0.2939301042305334, 0.899202942979767, 0.5714285714285714, 0.503862660944206]",['Piano']
78,jazz_audio37,iteration2,"['Alto', 'Standard Kit', 'Tenor', 'Acoustic Grand Piano', 'Trumpet']","[0.6006658489574207, 0.2876292272647626, 0.8081303662169266, 0.5027159628526371, 0.36271245838444016]",['Tenor']
79,jazz_audio37,iteration3,"['Alto', 'Standard Kit', 'Acoustic Grand Piano', 'Trumpet']","[0.6762090050027794, 0.2967389290346489, 0.5067630164906429, 0.3847507874745229]",['Acoustic Grand Piano']
80,jazz_audio23,initial iteration,"['piano track 1', 'piano track 2', 'piano track 3']","[0.058, 0.207, 0.068]",['piano track 1']
81,jazz_audio23,iteration1,"['piano track 2', 'piano track 3']","[0.18946422150305645, 0.8279395900755124]",['piano track 3']
82,jazz_audio23,iteration2,['piano track 2'],[1.0],['piano track 2']
83,jazz_audio23,iteration3,[],[],[None]
84,jazz_audio22,initial iteration,"['toms', 'synth', 'mute guitar', 'brass', 'open hihat', 'bass foot', 'strings', 'synthbrass2', 'ele piano 2', 'congas', 'crash cymb', 'bass', 'lead giutar', 'snare']","[-0.157, 0.656, 0.927, 0.185, 0.016, 0.043, -0.106, 0.23, 0.085, -0.071, -0.161, -0.209, 0.609, 0.041]",['bass']
85,jazz_audio22,iteration1,"['toms', 'tamborine', 'clos hihat', 'synth', 'mute guitar', 'brass', 'open hihat', 'bass foot', 'strings', 'synthbrass2', 'ele piano 2', 'congas', 'crash cymb', 'lead giutar', 'snare']","[0.05751564913421673, 0.0, 0.0, 0.03310706446630355, 0.007743272904641899, 0.09426062921713682, 0.3677343305422323, 0.00579221201528331, 0.1900048776522234, 0.13192016909194373, 0.6296032842858305, 0.5315218274936997, 0.21071457605072758, 0.5471506381594993, 0.5175189009023656]",['crash cymb']
86,jazz_audio22,iteration2,"['toms', 'tamborine', 'clos hihat', 'synth', 'mute guitar', 'brass', 'open hihat', 'bass foot', 'strings', 'synthbrass2', 'ele piano 2', 'congas', 'lead giutar', 'snare']","[0.057726287045217255, 0.0, 0.0, 0.03377238776001928, 0.009135812384547425, 0.09376756886997029, 0.38476829170347765, 0.005742510641715525, 0.2066099108505341, 0.11958878804915268, 0.6469761464942575, 0.550879447433941, 0.5260220062645571, 0.5380692313870372]",['toms']
87,jazz_audio22,iteration3,"['tamborine', 'clos hihat', 'synth', 'mute guitar', 'brass', 'open hihat', 'bass foot', 'strings', 'synthbrass2', 'ele piano 2', 'congas', 'lead giutar', 'snare']","[0.0, 0.0, 0.03415236899143152, 0.009257196102659671, 0.0947596572609233, 0.3843458180565965, 0.005833856624870865, 0.20704114084307332, 0.11969534304292341, 0.6499280896145199, 0.5505499625255738, 0.5261612008021553, 0.5382137865375656]",['strings']
88,jazz_audio20,initial iteration,"['Rhodes-low', 'synth', 'el-b', 'el-g', 'synth sub', 'ds seq', 'Rhodes-high', 'ds', 'syth bass dr', 'agogo', 'synth-b 2', 'synth-b 3', 'synth-b 1', 'FMelp-accomp', 'synth-sub']","[0.02, 0.927, -0.009, 0.063, 0.442, 0.037, 0.149, 0.282, 0.263, -0.142, -0.008, -0.34, 0.142, 0.645, 0.256]",['synth-b 3']
89,jazz_audio20,iteration1,"['Rhodes-low', 'synth', 'el-b', 'el-g', 'synth sub', 'ds seq', 'Rhodes-high', 'ds', 'syth bass dr', 'agogo', 'synth-b 2', 'synth-b 1', 'FMelp-accomp', 'synth-sub']","[0.05299535305071382, 0.6270361858108675, 0.05286114512909124, 0.09446560083208912, 0.09736784713717728, 0.125434078746498, 0.12858796490462848, 0.3518763945041856, 0.003355198040564344, 0.08804039658440839, 0.19242060762636515, 0.11801909107685081, 0.22201345434414266, 0.051871361707124766]",['agogo']
90,jazz_audio20,iteration2,"['Rhodes-low', 'synth', 'el-b', 'el-g', 'synth sub', 'ds seq', 'Rhodes-high', 'ds', 'syth bass dr', 'synth-b 2', 'synth-b 1', 'FMelp-accomp', 'synth-sub']","[0.05175937969829552, 0.6311806341537578, 0.05322904876936331, 0.095123063668767, 0.09804550906295927, 0.12455023058600942, 0.12948291298545533, 0.35189283240704766, 0.0033785495886615876, 0.1878811426254709, 0.11884048178117135, 0.22333902055847424, 0.05079649306552697]",['synth-b 2']
91,jazz_audio20,iteration3,"['Rhodes-low', 'synth', 'el-b', 'el-g', 'synth sub', 'ds seq', 'Rhodes-high', 'ds', 'syth bass dr', 'synth-b 1', 'FMelp-accomp', 'synth-sub']","[0.04971002485501243, 0.6334646534670206, 0.053277649087804135, 0.09520991495189625, 0.09813502865935106, 0.1250697462083425, 0.12961804440085894, 0.3526030130362004, 0.0033985425155977885, 0.12079197876333632, 0.22408399979710195, 0.05324383274436535]",['el-b']
92,jazz_audio34,initial iteration,"['SYN STR 1', 'DRUMS', 'SYN STR 2', 'FINGERDBAS', 'MELODY', 'STEEL GTR']","[-0.0, 0.024, -0.019, -0.006, 0.99, 0.122]",['SYN STR 2']
93,jazz_audio34,iteration1,"['SYN STR 1', 'DRUMS', 'FINGERDBAS', 'TAMBOURINE', 'MELODY', 'STEEL GTR']","[0.650062167667522, 0.2970820877754557, 0.39118012750985426, 0.0, 0.5921801010555277, 0.09184942197296368]",['SYN STR 1']
94,jazz_audio34,iteration2,"['DRUMS', 'FINGERDBAS', 'TAMBOURINE', 'MELODY', 'STEEL GTR']","[0.3125720177087756, 0.4124567893747347, 0.0, 0.680787191460974, 0.05115531566498878]",['FINGERDBAS']
95,jazz_audio34,iteration3,"['DRUMS', 'TAMBOURINE', 'MELODY', 'STEEL GTR']","[0.3060887999057826, 0.0, 0.6610528795194912, 0.07366623483688611]",['DRUMS']
96,jazz_audio21,initial iteration,"['piano track 1', 'piano track 2']","[0.006, -0.055]",['piano track 2']
97,jazz_audio21,iteration1,"['piano track 1', 'piano track 0']","[0.5519007511950831, 0.0]",['piano track 1']
98,jazz_audio21,iteration2,['piano track 0'],[1],[None]
99,jazz_audio21,iteration3,['piano track 0'],[1],[None]
100,jazz_audio46,initial iteration,"['Track 10', 'Track 2', 'Track 1']","[-0.012, 0.764, 0.48]",['Track 10']
101,jazz_audio46,iteration1,"['Track 2', 'Track 1']","[0.5573518090839107, 0.743234440694025]",['Track 1']
102,jazz_audio46,iteration2,['Track 2'],[1.0],['Track 2']
103,jazz_audio46,iteration3,[],[],[None]
104,jazz_audio45,initial iteration,"['Marimba', 'Fingered Bass', 'Cymbals', 'Rythm Guitar', 'Muted Guitar', 'Kick drums', 'Solo Guitar', 'Piano R.H.', 'Synth Brass', 'Synvox', 'Piano L.H.', 'Vibraphone', 'Snare']","[0.231, 0.016, 0.03, 0.205, -0.022, 0.045, 0.629, 0.582, 0.353, -0.091, 0.021, 0.175, -0.099]",['Snare']
105,jazz_audio45,iteration1,"['Marimba', 'Fingered Bass', 'Cymbals', 'Rythm Guitar', 'Muted Guitar', 'Kick drums', 'Solo Guitar', 'Piano R.H.', 'Synth Brass', 'Synvox', 'Piano L.H.', 'Vibraphone']","[0.1265027516001795, 0.5120338222442665, 0.1660880039679728, 0.12721131817000875, 0.04761567349252462, 0.15805758284324145, 0.4279505892911972, 0.030775408016249794, 0.31977609296393394, 0.0921136540778006, 0.48366754056543615, 0.10831620964122912]",['Synvox']
106,jazz_audio45,iteration2,"['Marimba', 'Fingered Bass', 'Cymbals', 'Rythm Guitar', 'Muted Guitar', 'Kick drums', 'Solo Guitar', 'Piano R.H.', 'Synth Brass', 'Piano L.H.', 'Vibraphone']","[0.13954274401873445, 0.5015330387967456, 0.1692136838801574, 0.12894425532942227, 0.05574467057772627, 0.16180198450061564, 0.4280437459259796, 0.036961927524685544, 0.33077424494821467, 0.4650056734506651, 0.1074092851452162]",['Fingered Bass']
107,jazz_audio45,iteration3,"['Marimba', 'Cymbals', 'Rythm Guitar', 'Muted Guitar', 'Kick drums', 'Solo Guitar', 'Piano R.H.', 'Synth Brass', 'Piano L.H.', 'Vibraphone']","[0.13397523423890015, 0.1631197325674467, 0.12524130137953765, 0.05939545176326569, 0.1557512123922972, 0.42396063844813786, 0.040232590988276286, 0.3277225858091247, 0.4585197043175291, 0.11135175855737088]",['Piano L.H.']
108,jazz_audio44,initial iteration,"['Drums', 'Riff', 'piano track 1', 'Melo', 'Bass', 'Guitar']","[0.005, 0.126, 0.247, 0.604, -0.005, 0.39]",['Bass']
109,jazz_audio44,iteration1,"['Drums', 'Riff', 'piano track 1', 'Melo', 'Guitar']","[0.3813641073278788, 0.6199935689020687, 0.24634677909178607, 0.563435635428204, 0.1031476651541677]",['Drums']
110,jazz_audio44,iteration2,"['Riff', 'piano track 1', 'Melo', 'Guitar']","[0.615916955017301, 0.2379268843087107, 0.5829697607943433, 0.10075974123664812]",['Riff']
111,jazz_audio44,iteration3,"['piano track 1', 'Melo', 'Guitar']","[0.17443414528993317, 0.6921319249838327, 0.10316878637637422]",['piano track 1']
112,jazz_audio41,initial iteration,"['Rhodes-low', 'Eric Marienthal', 'John Pattituci', 'Dave Weckl', 'synth sub', 'Rhodes-high', 'syth bass dr', 'Chick Corea', 'FMelp-accomp', 'synth-sub', 'Sequencer', 'Frank Gambale']","[-0.256, 0.17, 0.031, 0.109, 0.8, -0.347, -0.139, 0.817, 0.355, 0.115, 0.05, 0.553]",['Rhodes-high']
113,jazz_audio41,iteration1,"['Rhodes-low', 'Eric Marienthal', 'John Pattituci', 'Dave Weckl', 'synth sub', 'syth bass dr', 'Chick Corea', 'FMelp-accomp', 'synth-sub', 'Sequencer', 'Frank Gambale']","[0.04070250604812647, 0.41417200686993294, 0.5300928918354909, 0.37954532863026097, 0.14275425215608784, 0.005669541450442298, 0.5889490110620694, 0.22473175866590334, 0.04690760678867569, 0.10131304363884837, 0.43236255517184063]",['Rhodes-low']
114,jazz_audio41,iteration2,"['Eric Marienthal', 'John Pattituci', 'Dave Weckl', 'synth sub', 'syth bass dr', 'Chick Corea', 'FMelp-accomp', 'synth-sub', 'Sequencer', 'Frank Gambale']","[0.41527906545521975, 0.5324123864268496, 0.3823474874837753, 0.14264787687743372, 0.005692564435379195, 0.5891526052290006, 0.22608937511589097, 0.05232709067309475, 0.10432041535323568, 0.43508251437048023]",['syth bass dr']
115,jazz_audio41,iteration3,"['Eric Marienthal', 'John Pattituci', 'Dave Weckl', 'synth sub', 'Chick Corea', 'FMelp-accomp', 'synth-sub', 'Sequencer', 'Frank Gambale']","[0.4165690158659301, 0.5330803712590443, 0.3829585402600301, 0.14309097334598145, 0.5893458326358276, 0.22679165969160947, 0.0524896304149694, 0.10375165076353626, 0.43643397875862583]",['synth-sub']
116,jazz_audio43,initial iteration,"['piano track 7', 'piano track 6', 'piano track 4', 'piano track 5', 'piano track 1', 'piano track 2', 'piano track 3', 'piano track 10', 'piano track 11', 'piano track 8', 'piano track 9']","[-0.437, -0.2, 0.062, -0.181, 0.347, 0.33, 0.148, 0.576, -0.212, -0.435, 0.989]",['piano track 7']
117,jazz_audio43,iteration1,"['piano track 6', 'piano track 4', 'piano track 5', 'piano track 1', 'piano track 2', 'piano track 3', 'piano track 12', 'piano track 10', 'piano track 11', 'piano track 8', 'piano track 9']","[0.4030021247915191, 0.3277205327971852, 0.39836413900249035, 0.1791907514450867, 0.16710457172884918, 0.21613470721286757, 0.0, 0.009824304873312161, 0.166647627316137, 0.40827983275834495, 0.18202380680390232]",['piano track 8']
118,jazz_audio43,iteration2,"['piano track 6', 'piano track 4', 'piano track 5', 'piano track 1', 'piano track 2', 'piano track 3', 'piano track 12', 'piano track 10', 'piano track 11', 'piano track 9']","[0.4000500887937708, 0.32783115522972545, 0.39551932972086884, 0.17888529666226494, 0.16686398615727882, 0.214516643140112, 0.0, 0.00851509494103183, 0.1647693638723191, 0.1813897363508037]",['piano track 11']
119,jazz_audio43,iteration3,"['piano track 6', 'piano track 4', 'piano track 5', 'piano track 1', 'piano track 2', 'piano track 3', 'piano track 12', 'piano track 10', 'piano track 9']","[0.433629590590039, 0.34460867690391206, 0.4306829887645833, 0.1906187863833457, 0.17919172076755385, 0.20590278609587237, 0.0, 0.006156720887334403, 0.19234362647629544]",['piano track 6']
