,Audio file name,Iterations,Tracks,Correlations,Tracks removed
0,jazz_audio10,initial iteration,"['by Andres Chait', 'Echoes', 'G Electrica', 'Bajo', 'Harpsichord', 'Clavs', 'Rain', 'Acordes', 'Saxo', 'Square']","[-0.35, 0.104, 0.753, -0.26, 0.928, 0.161, 0.371, 0.039, 0.875, 0.539]",['by Andres Chait']
1,jazz_audio10,iteration1,"['Echoes', 'G Electrica', 'Bajo', 'Harpsichord', 'Clavs', 'Rain', 'Acordes', 'Saxo', 'Square']","[0.17656711519527404, 0.38874302592714144, 0.1808336068263866, 0.3726616343944864, 0.5656383327863472, 0.11946176567115195, 0.0904168034131933, 0.4886773875943551, 0.28175254348539547]",['Echoes']
2,jazz_audio10,iteration2,"['G Electrica', 'Bajo', 'Harpsichord', 'Clavs', 'Rain', 'Acordes', 'Saxo', 'Square']","[0.3985076899649764, 0.17344297243794732, 0.37368661489264504, 0.5798690421806, 0.12349626922491244, 0.08740673062281103, 0.4901781635449977, 0.2922186691030912]",['Bajo']
3,jazz_audio10,iteration3,"['G Electrica', 'Harpsichord', 'Clavs', 'Rain', 'Acordes', 'Saxo', 'Square']","[0.43766508188061276, 0.3594823032223983, 0.6163497094558901, 0.12678288431061807, 0.08874801901743265, 0.44955097728473326, 0.29886423666138406]",['Clavs']
4,jazz_audio39,initial iteration,"['piano track 7', 'piano track 6', 'piano track 4', 'piano track 5', 'piano track 1', 'piano track 0', 'piano track 2', 'Sequences by Devian', 'piano track 10', 'piano track 11', 'www.devianjazz.com', '***** by Dave Koz *****', '------ MY WISH ------', 'piano track 8', 'piano track 9']","[0.548, 0.017, 0.176, -0.059, -0.526, 0.179, 0.04, 0.284, 0.966, 0.003, 0.279, 0.393, 0.661, 0.747, 0.03]",['piano track 1']
5,jazz_audio39,iteration1,"['piano track 7', 'piano track 6', 'piano track 4', 'piano track 5', 'piano track 0', 'piano track 2', 'piano track 3', 'Sequences by Devian', 'piano track 10', 'piano track 11', 'www.devianjazz.com', '***** by Dave Koz *****', '------ MY WISH ------', 'piano track 8', 'piano track 9']","[0.3075263015915835, 0.31575397895872676, 0.0004046398705152414, 0.0051928783382789315, 0.4554221742649042, 0.5557054221742649, 0.0, 0.9386296196385218, 0.7709738332883733, 0.15949554896142434, 0.43282978149446993, 0.18674130024278393, 0.6071621257081198, 0.2432560021580793, 0.17723226328567576]",['piano track 5']
6,jazz_audio39,iteration2,"['piano track 7', 'piano track 6', 'piano track 4', 'piano track 0', 'piano track 2', 'piano track 3', 'Sequences by Devian', 'piano track 10', 'piano track 11', 'www.devianjazz.com', '***** by Dave Koz *****', '------ MY WISH ------', 'piano track 8', 'piano track 9']","[0.30341737443991174, 0.3143850732294523, 0.0004012572727880693, 0.4564301477964288, 0.5534675315990102, 0.0, 0.9388751421119508, 0.7735571457232663, 0.1572259747207918, 0.4297465391560222, 0.18578211730087607, 0.6072360061526115, 0.24269377382465057, 0.17949575336052967]",['piano track 6']
7,jazz_audio39,iteration3,"['piano track 7', 'piano track 4', 'piano track 0', 'piano track 2', 'piano track 3', 'Sequences by Devian', 'piano track 10', 'piano track 11', 'www.devianjazz.com', '***** by Dave Koz *****', '------ MY WISH ------', 'piano track 8', 'piano track 9']","[0.30563371065890205, 0.00039259307727540407, 0.45953019695086045, 0.559903160374272, 0.0, 0.9401949878950467, 0.7747824380030098, 0.1538310541124125, 0.4270758358960937, 0.18347183144670548, 0.6157168095269253, 0.23745337957207355, 0.1756199699011974]",['piano track 11']
8,jazz_audio2,initial iteration,"['Drums', 'organ', 'piano track 0', ' trumpet', 'tenor sax', 'l clavinet', 'brass', 'finger bass', 'slap bass', 'mute guit', ' trombone', 'sax', ' rock organ']","[0.024, 0.296, -0.02, 0.629, 0.528, 0.118, 0.623, -0.393, 0.351, 0.093, 0.309, 0.329, 0.125]",['finger bass']
9,jazz_audio2,iteration1,"['Drums', 'organ', 'piano track 0', ' trumpet', 'tenor sax', 'l clavinet', 'brass', 'slap bass', 'mute guit', ' trombone', 'sax', ' rock organ']","[0.24546023794614902, 0.07514088916718847, 0.05865163848883323, 0.39511584220413276, 0.44103527447297014, 0.15195157587142558, 0.25860989355040703, 0.01419327906491338, 0.08954289292423294, 0.13462742642454603, 0.32644541849300773, 0.020246295136714672]",['piano track 0']
10,jazz_audio2,iteration2,"['Drums', 'organ', ' trumpet', 'tenor sax', 'l clavinet', 'brass', 'slap bass', 'mute guit', ' trombone', 'sax', ' rock organ']","[0.25494457726581177, 0.07433166702890676, 0.3875244512062595, 0.4453379700065203, 0.15518365572701587, 0.2536405129319713, 0.01477939578352532, 0.09324059986959357, 0.12562486415996524, 0.32949358835035863, 0.02108237339708759]",[' trombone']
11,jazz_audio2,iteration3,"['Drums', 'organ', ' trumpet', 'tenor sax', 'l clavinet', 'brass', 'slap bass', 'mute guit', 'sax', ' rock organ']","[0.25357219023245897, 0.08168052889741949, 0.39859245041586694, 0.4638515674984005, 0.15376412881211346, 0.2490936233738537, 0.014502026018340797, 0.09149072296865003, 0.3365323096609085, 0.02345915973555129]",['Drums']
12,jazz_audio13,initial iteration,"['Fingered', 'Strings 2', 'Fr Horn', 'Ch Piano', 'Mute Gt', 'Syn Strings']","[-0.002, 0.66, 0.016, -0.022, -0.015, -0.159]",['Syn Strings']
13,jazz_audio13,iteration1,"['Drums', 'Whistle', 'Fingered', 'Strings 2', 'Fr Horn', 'Ch Piano', 'Mute Gt']","[0.00014206563432305724, 0.0, 0.1272908083534593, 0.6726807785196761, 0.16834777667282286, 0.7576360278448643, 0.19803949424634182]",['Fr Horn']
14,jazz_audio13,iteration2,"['Drums', 'Whistle', 'Fingered', 'Strings 2', 'Ch Piano', 'Mute Gt']","[0.00014427932477276007, 0.0, 0.12148319145866397, 0.6769585918337903, 0.7428942432549416, 0.20256817198095514]",['Mute Gt']
15,jazz_audio13,iteration3,"['Drums', 'Whistle', 'Fingered', 'Strings 2', 'Ch Piano']","[0.0001380071763731714, 0.0, 0.11744410709356887, 0.6896218603367376, 0.730333977366823]",['Ch Piano']
16,jazz_audio12,initial iteration,"['Drums', 'R choir', 'L choir', 'dx legend', 'tenor sax', 'L organ', 'brass', 'bass', 'mute guit', 'clavinet', 'solo guit', 'trumpet']","[0.064, -0.038, -0.042, 0.114, 0.725, 0.196, 0.718, 0.011, -0.027, -0.105, 0.196, 0.565]",['clavinet']
17,jazz_audio12,iteration1,"['Drums', 'R choir', 'L choir', 'dx legend', 'tenor sax', 'rev cym', 'L organ', 'brass', 'bass', 'mute guit', 'solo guit', 'trumpet']","[0.12367852677048995, 0.26042969194043425, 0.26042969194043425, 0.42594066158917815, 0.7942480391042401, 0.0, 0.11219734000227351, 0.7912924860747982, 0.11606229396385132, 0.12106399909059906, 0.16028191428896216, 0.7500284187791293]",['L choir']
18,jazz_audio12,iteration2,"['Drums', 'R choir', 'dx legend', 'tenor sax', 'rev cym', 'L organ', 'brass', 'bass', 'mute guit', 'solo guit', 'trumpet']","[0.11989733561476412, 0.22109508677584944, 0.45135663651918845, 0.7648496700073332, 0.0, 0.11183084820337326, 0.7605719872891713, 0.10804204351014422, 0.10816426301637741, 0.160596431190418, 0.7284282571498412]",['bass']
19,jazz_audio12,iteration3,"['Drums', 'R choir', 'dx legend', 'tenor sax', 'rev cym', 'L organ', 'brass', 'mute guit', 'solo guit', 'trumpet']","[0.11495561119963578, 0.21477350330070566, 0.4592533576143865, 0.7475529251081265, 0.0, 0.11040291372638288, 0.7393580696562714, 0.10209424083769633, 0.1665149100842249, 0.7147735033007057]",['mute guit']
20,jazz_audio1,initial iteration,"[' Koto', ' Trumpet', ' Fat& p', ' Conv', ' Organ', ' Bass', ' Piano', ' Drums', ' Brass Hit', ' lead guit', ' Synth', ' Sax', ' Trombone', ' Clav', ' Mute Guit']","[-0.228, 0.52, -0.048, 0.165, -0.187, 0.358, 0.358, 0.051, 0.155, 0.081, -0.02, 0.502, -0.031, -0.325, 0.087]",[' Clav']
21,jazz_audio1,iteration1,"[' Koto', ' Trumpet', ' Fat& p', ' Conv', ' Organ', ' Bass', ' Piano', ' Drums', ' Brass Hit', ' lead guit', ' Synth', ' Sax', ' Trombone', ' Mute Guit']","[0.040997464074387154, 0.39250493096646943, 0.03057199211045365, 0.24387151310228233, 0.015215553677092139, 0.025077486615948153, 0.27951535643843334, 0.1759650605804452, 0.030290222597914907, 0.5190194420963652, 0.050859397013243164, 0.626232741617357, 0.34418145956607493, 0.20653705269089884]",[' Koto']
22,jazz_audio1,iteration2,"[' Trumpet', ' Fat& p', ' Conv', ' Organ', ' Bass', ' Piano', ' Drums', ' Brass Hit', ' lead guit', ' Synth', ' Sax', ' Trombone', ' Mute Guit']","[0.39442733127975355, 0.0330439652758331, 0.2479697563707645, 0.0156818818258191, 0.026183141977037243, 0.27779333520022403, 0.17614113693643238, 0.03010361243349202, 0.5186222346681602, 0.051246149537944555, 0.627275273032764, 0.34724166900028003, 0.2052646317558107]",[' Organ']
23,jazz_audio1,iteration3,"[' Trumpet', ' Fat& p', ' Conv', ' Bass', ' Piano', ' Drums', ' Brass Hit', ' lead guit', ' Synth', ' Sax', ' Trombone', ' Mute Guit']","[0.3950013962580285, 0.036581960346271994, 0.24727729684445685, 0.026110025132644512, 0.2779949734710975, 0.1777436470259704, 0.029879921809550406, 0.5199664898073164, 0.053895559899469425, 0.6263613515777716, 0.34864562971237084, 0.20524993018709858]",[' Synth']
24,jazz_audio5,initial iteration,"['Solo Guitarra', 'Piano', 'Guitarra', 'Bells', 'Brass', 'Bajo', 'Strings']","[0.913, 0.325, 0.178, 0.029, 0.813, -0.154, 0.084]",['Bajo']
25,jazz_audio5,iteration1,"['Solo Guitarra', 'by Andres Chait', 'Piano', 'Guitarra', 'Bells', 'Brass', 'Strings']","[0.6509441810165544, 0.0, 0.45811496547708175, 0.19673904001331005, 0.3299226353880709, 0.24465518675650944, 0.49871058980118127]",['Guitarra']
26,jazz_audio5,iteration2,"['Solo Guitarra', 'by Andres Chait', 'Piano', 'Bells', 'Brass', 'Strings']","[0.6456145890897608, 0.0, 0.44825136180626823, 0.33528065050919714, 0.2354148575037499, 0.4997236914818031]",['Bells']
27,jazz_audio5,iteration3,"['Solo Guitarra', 'by Andres Chait', 'Piano', 'Brass', 'Strings']","[0.6710838445807771, 0.0, 0.47141104294478525, 0.2428629856850716, 0.51640081799591]",['Strings']
28,jazz_audio16,initial iteration,"['DRUMS', 'PAN FLUTE', 'SYNBRASS 2', 'MUTED GTR', 'STRINGS', 'MELODY', 'E.PIANO 1', 'FRETLESS', 'JAZZ GTR', 'CLEAN GTR']","[-0.964, 0.411, 0.188, 0.148, 0.067, 0.155, 0.04, 0.007, 0.37, 0.113]",['DRUMS']
29,jazz_audio16,iteration1,"['PAN FLUTE', 'SYNBRASS 2', 'MUTED GTR', 'STRINGS', 'MELODY', 'E.PIANO 1', 'FRETLESS', 'JAZZ GTR', 'CLEAN GTR']","[0.1611250814938996, 0.4145478252770793, 0.6322995250069852, 0.6017509546428239, 0.11437086709509174, 0.32495110366024027, 0.4913849306137655, 0.045077768464189254, 0.1953059513830679]",['E.PIANO 1']
30,jazz_audio16,iteration2,"['PAN FLUTE', 'SYNBRASS 2', 'MUTED GTR', 'STRINGS', 'MELODY', 'FRETLESS', 'JAZZ GTR', 'CLEAN GTR']","[0.14684903918771502, 0.37299655953679617, 0.6412687756985819, 0.5742217000923051, 0.11521356045984728, 0.5375513971637157, 0.03893597381891416, 0.18083410254258622]",['CLEAN GTR']
31,jazz_audio16,iteration3,"['PAN FLUTE', 'SYNBRASS 2', 'MUTED GTR', 'STRINGS', 'MELODY', 'FRETLESS', 'JAZZ GTR']","[0.1482057078270698, 0.41070923989827635, 0.6438965809550721, 0.6283554676462277, 0.1065272675897146, 0.5313647923142131, 0.04944899689177734]",['MELODY']
32,jazz_audio17,initial iteration,"['Piano', 'Synth Pad', 'Muted Guitar', 'Bass']","[0.419, 0.898, 0.654, -0.697]",['Bass']
33,jazz_audio17,iteration1,"['Piano', 'Synth Pad', 'Muted Guitar']","[ 0.492894280762565, 0.6759098786828422, 0.4800693240901213]",['Piano']
34,jazz_audio17,iteration2,"[ 'Synth Pad', 'Muted Guitar']","[ 0.7450511945392492, 0.5098976109215017]",['Muted Guitar']
35,jazz_audio17,iteration3,[ 'Synth Pad'],[ 0.8854251012145749],['Synth Pad']
36,jazz_audio4,initial iteration,"[' Rock kit', ' ghost cymbals', ' voice', ' wind chimes', ' jazz guit', ' bass', ' el piano', ' vibes']","[0.549, nan, -0.256, 0.454, 0.252, -0.49, -0.033, 0.207]",[' bass']
37,jazz_audio4,iteration1,"[' Rock kit', ' ghost cymbals', ' voice', ' wind chimes', ' jazz guit', ' el piano', ' vibes']","[0.19786453119786454, 0.007007007007007007, 0.5315315315315315, 0.04070737404070737, 0.5852519185852519, 0.1544878211544878, 0.05839172505839173]",[' el piano']
38,jazz_audio4,iteration2,"[' Rock kit', ' ghost cymbals', ' voice', ' wind chimes', ' jazz guit', ' vibes']","[0.24408014571949, 0.012143290831815421, 0.5288403157255617, 0.042501517911353974, 0.6017000607164542, 0.060412871888281726]",[' voice']
39,jazz_audio4,iteration3,"[' Rock kit', ' ghost cymbals', ' wind chimes', ' jazz guit', ' vibes']","[0.24641221374045802, 0.012213740458015267, 0.042748091603053436, 0.5954198473282443, 0.061068702290076333]",[' jazz guit']
40,jazz_audio6,initial iteration,"['strings (mid)', 'strings (bass)', 'timpani', 'fr. horn(s)', 'cellos', 'tuba(s)', 'strings (hi)', 'trumpet(s)', 'trombone']","[0.316, -0.27, -0.079, 0.46, 0.201, -0.133, 0.501, 0.593, 0.194]",['strings (bass)']
41,jazz_audio6,iteration1,"['strings (mid)', 'timpani', 'cymbals', 'fr. horn(s)', 'cellos', 'piccolo', 'tuba(s)', 'strings (hi)', 'harp', 'trumpet(s)', 'trombone']","[0.7654993514915693, 0.03476005188067445, 0.0, 0.8045395590142672, 0.6824902723735409, 0.0, 0.4461738002594034, 0.7106355382619974, 0.0, 0.991958495460441, 0.6367055771725032]",['tuba(s)']
42,jazz_audio6,iteration2,"['strings (mid)', 'timpani', 'cymbals', 'fr. horn(s)', 'cellos', 'piccolo', 'strings (hi)', 'harp', 'trumpet(s)', 'trombone']","[0.7705851204659783, 0.03415409054805401, 0.0, 0.8015620863118877, 0.6781837437119407, 0.0, 0.7116759332803813, 0.0, 0.9907333862854117, 0.6351601800370664]",['timpani']
43,jazz_audio6,iteration3,"['strings (mid)', 'cymbals', 'fr. horn(s)', 'cellos', 'piccolo', 'strings (hi)', 'harp', 'trumpet(s)', 'trombone']","[0.7734835582339841, 0.0, 0.802305777544871, 0.6808594261758155, 0.0, 0.7092886152233722, 0.0, 0.9908292938556269, 0.6356609458928337]",['cellos']
44,jazz_audio29,initial iteration,"['by CASIOPEA', 'Iman Tjahjono', 'sequenced by', 'Eyes of Mind', 'comments :']","[0.743, 0.551, 0.486, -0.134, -0.736]",['comments :']
45,jazz_audio29,iteration1,"['by CASIOPEA', 'Iman Tjahjono', 'sequenced by', 'Eyes of Mind']","[0.4616919393455706, 0.6594173982442139, 0.4677773343974461, 0.06664006384676775]",['Eyes of Mind']
46,jazz_audio29,iteration2,"['by CASIOPEA', 'Iman Tjahjono', 'sequenced by']","[0.46515916927271267, 0.6739635955416566, 0.46828642450485125]",['Iman Tjahjono']
47,jazz_audio29,iteration3,"['by CASIOPEA', 'sequenced by']","[0.5035111185420498, 0.9273532854037786]",['by CASIOPEA']
48,jazz_audio7,initial iteration,"['Piano', 'Guitarra', 'Guitarra punteada', 'Guitarra 2', 'Bajo', 'Hammond', 'Voices', 'Saxo']","[0.085, 0.184, 0.884, 0.115, -0.059, 0.365, 0.397, 0.93]",['Bajo']
49,jazz_audio7,iteration1,"['by Andres Chait', 'Piano', 'Guitarra', 'Guitarra punteada', 'Guitarra 2', 'Hammond', 'Voices', 'Saxo']","[0.0003948277563912743, 0.22297897542197218, 0.4532622643371829, 0.453755799032672, 0.029908202546639027, 0.3193169479814431, 0.16661731319711776, 0.6341920837034843]",['by Andres Chait']
50,jazz_audio7,iteration2,"['Piano', 'Guitarra', 'Guitarra punteada', 'Guitarra 2', 'Hammond', 'Voices', 'Saxo']","[0.22044668722549293, 0.44210821418559015, 0.46145220072890386, 0.028502009158022614, 0.32725913466031215, 0.16091954022988506, 0.6233062330623306]",['Guitarra 2']
51,jazz_audio7,iteration3,"['Piano', 'Guitarra', 'Guitarra punteada', 'Hammond', 'Voices', 'Saxo']","[0.2243422198989371, 0.4910263112040425, 0.4598362083986757, 0.30615089736887957, 0.1480223035372016, 0.5931346924551315]",['Piano']
52,jazz_audio19,initial iteration,"['E.Piano 1', 'Acoustic Bs.', 'Vibraphone']","[0.626, -0.047, 0.325]",['Acoustic Bs.']
53,jazz_audio19,iteration1,"['Drums', 'Santur', 'Marimba', 'Midi 9', 'Piano 1', 'Crystal', 'E.Piano 1', 'Jazz Gt', 'Vibraphone']","[0.0, 0.0, 0.0, 0.0, 0.0, 0.0, 0.6043231996301006, 0.0, 0.08438330828805918]",['Vibraphone']
54,jazz_audio19,iteration2,"['Drums', 'Santur', 'Marimba', 'Midi 9', 'Piano 1', 'Crystal', 'E.Piano 1', 'Jazz Gt']","[0.0, 0.0, 0.0, 0.0, 0.0, 0.0, 0.650467505483089, 0.0]",['E.Piano 1']
55,jazz_audio19,iteration3,"['Drums', 'Santur', 'Marimba', 'Midi 9', 'Piano 1', 'Crystal', 'Jazz Gt']","[0.0, 0.0, 0.0, 0.0, 0.0, 0.0, 0.0]",[None]
56,jazz_audio18,initial iteration,"['Piano Lead', 'Piano', 'Fretless Bass', 'Standard Drum Set']","[0.597, 0.562, 0.253, -0.067]",['Standard Drum Set']
57,jazz_audio18,iteration1,"['Piano Lead', 'Piano', 'Fretless Bass']","[0.4487332339791356, 0.26438152011922506, 0.2895678092399404]",['Piano Lead']
58,jazz_audio18,iteration2,"['Piano', 'Fretless Bass']","[0.3793373848265046, 0.4944128602234856]",['Fretless Bass']
59,jazz_audio18,iteration3,['Piano'],[1.0],['Piano']
60,jazz_audio30,initial iteration,"['piano track 15', 'piano track 29', 'piano track 28', 'piano track 14', 'piano track 16', 'piano track 17', 'piano track 13', 'piano track 20', 'piano track 21', 'piano track 23', 'piano track 22', 'piano track 26', 'piano track 27', 'piano track 19', 'piano track 25', 'piano track 24', 'piano track 30', 'piano track 18']","[0.159, 0.228, 0.268, -0.169, 0.011, 0.211, -0.86, 0.11, -0.092, 0.39, -0.003, 0.078, 0.546, 0.239, 0.104, 0.22, 0.299, 0.363]",['piano track 13']
61,jazz_audio30,iteration1,"['piano track 15', 'piano track 29', 'piano track 28', 'piano track 14', 'piano track 16', 'piano track 17', 'piano track 20', 'piano track 21', 'piano track 23', 'piano track 22', 'piano track 26', 'piano track 27', 'piano track 19', 'piano track 25', 'piano track 24', 'piano track 30', 'piano track 18']","[0.14715189873417722, 0.36550632911392406, 0.3560126582278481, 0.23694620253164558, 0.019185126582278483, 0.10522151898734178, 0.5646756329113924, 0.10363924050632911, 0.388251582278481, 0.4624208860759494, 0.1750395569620253, 0.5977056962025317, 0.1574367088607595, 0.22705696202531644, 0.22270569620253164, 0.3356408227848101, 0.49564873417721517]",['piano track 21']
62,jazz_audio30,iteration2,"['piano track 15', 'piano track 29', 'piano track 28', 'piano track 14', 'piano track 16', 'piano track 17', 'piano track 20', 'piano track 23', 'piano track 22', 'piano track 26', 'piano track 27', 'piano track 19', 'piano track 25', 'piano track 24', 'piano track 30', 'piano track 18']","[0.1472623048033208, 0.36568491796797786, 0.35580154180668117, 0.23700336034789485, 0.018580747183237795, 0.10733346511168215, 0.5669104566119787, 0.3866376754299269, 0.46530934967384857, 0.17631943071753312, 0.5995255979442577, 0.1599130262897806, 0.22415497133820914, 0.22356196876853132, 0.33603478948408777, 0.4945641431112868]",['piano track 14']
63,jazz_audio30,iteration3,"['piano track 15', 'piano track 29', 'piano track 28', 'piano track 16', 'piano track 17', 'piano track 20', 'piano track 23', 'piano track 22', 'piano track 26', 'piano track 27', 'piano track 19', 'piano track 25', 'piano track 24', 'piano track 30', 'piano track 18']","[0.16572902015939991, 0.42076887013595876, 0.409985935302391, 0.02180028129395218, 0.12142522269104547, 0.6315049226441631, 0.4411626816690108, 0.5164088138771683, 0.19338959212376933, 0.676277543366151, 0.1727613689639006, 0.24730426629160807, 0.2489451476793249, 0.38396624472573837, 0.570323488045007]",['piano track 22']
64,jazz_audio24,initial iteration,"['piano track 1', 'piano track 2', 'piano track 3']","[-0.018, -0.36, -0.01]",['piano track 2']
65,jazz_audio24,iteration1,"['piano track 1', 'piano track 0', 'piano track 3']","[0.49311760444337116, 0.0, 0.999517024873219]",['piano track 3']
66,jazz_audio24,iteration2,"['piano track 1', 'piano track 0']","[0.5122767857142857, 0.0]",['piano track 1']
67,jazz_audio24,iteration3,['piano track 0'],[1],[None]
68,jazz_audio9,initial iteration,"['by Andres Chait', 'Organo', 'Guitarra', 'G Electrica', 'Trompetas', 'Bajo', 'Strings', 'Clavs', 'Saxo']","[0.044, 0.035, 0.955, 0.783, 0.215, -0.232, -0.061, 0.128, 0.787]",['Bajo']
69,jazz_audio9,iteration1,"['by Andres Chait', 'Organo', 'Guitarra', 'G Electrica', 'Trompetas', 'Strings', 'Clavs', 'Saxo']","[0.00902803057881325, 0.7172915908263561, 0.09654168183472879, 0.2163815070986531, 0.14998179832544595, 0.04120859119038951, 0.07491809246450673, 0.6057517291590826]",['Strings']
70,jazz_audio9,iteration2,"['by Andres Chait', 'Organo', 'Guitarra', 'G Electrica', 'Trompetas', 'Clavs', 'Saxo']","[0.008899500759713479, 0.7108747558063816, 0.10469575283988133, 0.21409449388611534, 0.15129151291512916, 0.08421966572606902, 0.6048766370016642]",['Organo']
71,jazz_audio9,iteration3,"['by Andres Chait', 'Guitarra', 'G Electrica', 'Trompetas', 'Clavs', 'Saxo']","[0.008421201613473922, 0.11060788337697261, 0.22744320996390913, 0.15087396504139836, 0.08123982732998372, 0.5908994409454391]",['by Andres Chait']
72,jazz_audio8,initial iteration,"['Chliffer', 'Guitarra', 'Echoes', 'Bagpipe', 'G. Electrica', 'Bajo', 'Strings', 'Acordes']","[0.371, 0.71, 0.156, 0.583, -0.081, -0.223, 0.154, 0.112]",['Bajo']
73,jazz_audio8,iteration1,"['Chliffer', 'by Andres Chait', 'Guitarra', 'Echoes', 'Bagpipe', 'G. Electrica', 'Strings', 'Acordes']","[0.5974894255696548, 0.0009551098376313276, 0.17983353799972712, 0.560240141902033, 0.5958520944194297, 0.033701732842133986, 0.864647291581389, 0.06931368535953063]",['by Andres Chait']
74,jazz_audio8,iteration2,"['Chliffer', 'Guitarra', 'Echoes', 'Bagpipe', 'G. Electrica', 'Strings', 'Acordes']","[0.5385773943999452, 0.21236393509960977, 0.4340384747039091, 0.4556034777846238, 0.019511193263503798, 0.853015677414938, 0.04621072088724584]",['Echoes']
75,jazz_audio8,iteration3,"['Chliffer', 'Guitarra', 'Bagpipe', 'G. Electrica', 'Strings', 'Acordes']","[0.5408938471014989, 0.2131270960235439, 0.4483608240366847, 0.018547669564027102, 0.85832591882828, 0.04441858873451509]",['G. Electrica']
76,jazz_audio37,initial iteration,"['Piano', 'Alto', 'Acoustic Bass', 'Tenor', 'Acoustic Grand Piano', 'Trumpet']","[0.019, 0.554, 0.211, 0.309, 0.369, 0.778]",['Piano']
77,jazz_audio37,iteration1,"['Alto', 'Acoustic Bass', 'Standard Kit', 'Tenor', 'Acoustic Grand Piano', 'Trumpet']","[0.8477246207701283, 0.1855309218203034, 0.0, 0.780338389731622, 0.10122520420070012, 0.9752042007001167]",['Acoustic Grand Piano']
78,jazz_audio37,iteration2,"['Alto', 'Acoustic Bass', 'Standard Kit', 'Tenor', 'Trumpet']","[0.8555946104276508, 0.19390743995313414, 0.0, 0.7885178676039836, 0.9833040421792618]",['Acoustic Bass']
79,jazz_audio37,iteration3,"['Alto', 'Standard Kit', 'Tenor', 'Trumpet']","[0.8590163934426229, 0.0, 0.8083457526080476, 0.9907600596125187]",['Tenor']
80,jazz_audio23,initial iteration,"['melody....          ', 'String              ', 'Guitar              ', 'Bell                ', 'Bass                ']","[0.406, 0.369, -0.313, -0.062, -0.033]",['Guitar              ']
81,jazz_audio23,iteration1,"['melody....          ', 'String              ', 'Bell                ', 'Kick                ', 'Bass                ']","[0.9469513181303574, 0.5088144913472424, 0.5542616852660521, 0.0, 0.034287562671842145]",['Bell                ']
82,jazz_audio23,iteration2,"['melody....          ', 'String              ', 'Kick                ', 'Bass                ']","[0.9590102846922045, 0.5154270383067521, 0.0, 0.035772842450439706]",['Bass                ']
83,jazz_audio23,iteration3,"['melody....          ', 'String              ', 'Kick                ']","[0.9530010477473432, 0.5127974854063763, 0.0]",['String              ']
84,jazz_audio22,initial iteration,"['toms', 'synth', 'mute guitar', 'brass', 'open hihat', 'strings', 'synthbrass2', 'ele piano 2', 'congas', 'bass', 'lead giutar']","[-0.072, -0.409, 0.721, 0.462, nan, 0.143, 0.105, 0.6, -0.034, -0.208, 0.321]",['synth']
85,jazz_audio22,iteration1,"['toms', 'tamborine', 'clos hihat', 'mute guitar', 'brass', 'open hihat', 'bass foot', 'strings', 'synthbrass2', 'ele piano 2', 'congas', 'crash cymb', 'bass', 'lead giutar', 'snare']","[0.005958392243991113, 0.0, 0.0, 0.047970107049080994, 0.0668551807715613, 0.0005049484952534841, 0.0, 0.5185821046253282, 0.2416683498283175, 0.19551605736214905, 0.04292062209654615, 0.0, 0.18319531407796405, 0.5439305190870531, 0.0]",['bass']
86,jazz_audio22,iteration2,"['toms', 'tamborine', 'clos hihat', 'mute guitar', 'brass', 'open hihat', 'bass foot', 'strings', 'synthbrass2', 'ele piano 2', 'congas', 'crash cymb', 'lead giutar', 'snare']","[0.005851318944844125, 0.0, 0.0, 0.04393285371702638, 0.06906474820143885, 0.00047961630695443646, 0.0, 0.5073381294964029, 0.24124700239808153, 0.192326139088729, 0.045755395683453236, 0.0, 0.5549160671462829, 0.0]",['toms']
87,jazz_audio22,iteration3,"['tamborine', 'clos hihat', 'mute guitar', 'brass', 'open hihat', 'bass foot', 'strings', 'synthbrass2', 'ele piano 2', 'congas', 'crash cymb', 'lead giutar', 'snare']","[0.0, 0.0, 0.04341232227488152, 0.06824644549763033, 0.00047393364928909954, 0.0, 0.5120379146919432, 0.24236966824644549, 0.19165876777251184, 0.044928909952606635, 0.0, 0.5519431279620853, 0.0]",['congas']
88,jazz_audio20,initial iteration,"['Rhodes-low', 'synth', 'el-b', 'el-g', 'synth sub', 'ds seq', 'Rhodes-high', 'ds', 'agogo', 'synth-b 3', 'synth-b 1', 'FMelp-accomp', 'synth-sub']","[0.342, 0.937, 0.276, 0.2, 0.182, -0.017, 0.076, 0.036, -0.203, 0.196, 0.065, 0.803, 0.553]",['agogo']
89,jazz_audio20,iteration1,"['Rhodes-low', 'synth', 'el-b', 'el-g', 'synth sub', 'ds seq', 'Rhodes-high', 'ds', 'syth bass dr', 'synth-b 2', 'synth-b 3', 'synth-b 1', 'FMelp-accomp', 'synth-sub']","[0.055854908660796426, 0.7885398869759496, 0.0343671967407018, 0.10237876199237744, 0.9673413063477461, 0.0562491786042844, 0.08825075568405835, 0.013733736364831122, 0.0, 0.0, 0.005125509265343672, 0.14167433302667892, 0.2440530950190564, 0.005585490866079642]",['ds seq']
90,jazz_audio20,iteration2,"['Rhodes-low', 'synth', 'el-b', 'el-g', 'synth sub', 'Rhodes-high', 'ds', 'syth bass dr', 'synth-b 2', 'synth-b 3', 'synth-b 1', 'FMelp-accomp', 'synth-sub']","[0.05671077504725898, 0.7853464572061796, 0.03409164982726028, 0.101557916693827, 0.967603154944267, 0.08754318492927449, 0.01381917736783782, 0.0, 0.0, 0.0050844143145818395, 0.14053842643895442, 0.2424222671273059, 0.005605892705821003]",['ds']
91,jazz_audio20,iteration3,"['Rhodes-low', 'synth', 'el-b', 'el-g', 'synth sub', 'Rhodes-high', 'syth bass dr', 'synth-b 2', 'synth-b 3', 'synth-b 1', 'FMelp-accomp', 'synth-sub']","[0.06567906949829293, 0.739135466697529, 0.048318963022973206, 0.12447196342804236, 0.9672472657832302, 0.09281870262137608, 0.0, 0.0, 0.00491869683467392, 0.1416584688386089, 0.2262600543950003, 0.005208031942595915]",['el-g']
92,jazz_audio34,initial iteration,"['SYN STR 1', 'SYN STR 2', 'FINGERDBAS', 'MELODY', 'STEEL GTR']","[0.069, 0.034, 0.907, 0.939, 0.521]",['SYN STR 2']
93,jazz_audio34,iteration1,"['SYN STR 1', 'DRUMS', 'FINGERDBAS', 'TAMBOURINE', 'MELODY', 'STEEL GTR']","[0.8970637027206371, 0.0, 0.0048108825481088255, 0.0, 0.6036828135368282, 0.23788984737889848]",['SYN STR 1']
94,jazz_audio34,iteration2,"['DRUMS', 'FINGERDBAS', 'TAMBOURINE', 'MELODY', 'STEEL GTR']","[0.0, 0.0056126331811263315, 0.0, 0.6971080669710806, 0.2822488584474886]",['STEEL GTR']
95,jazz_audio34,iteration3,"['DRUMS', 'FINGERDBAS', 'TAMBOURINE', 'MELODY']","[0.0, 0.007716453047345017, 0.0, 0.9606330107245619]",['FINGERDBAS']
96,jazz_audio21,initial iteration,"['piano track 1', 'piano track 2']","[0.061, 0.017]",['piano track 2']
97,jazz_audio21,iteration1,"['piano track 1', 'piano track 0']","[0.5619778112587317, 0.0]",['piano track 1']
98,jazz_audio21,iteration2,['piano track 0'],[1],[None]
99,jazz_audio21,iteration3,['piano track 0'],[1],[None]
100,jazz_audio46,initial iteration,"['Track 2', 'Track 1']","[-0.076, 0.863]",['Track 2']
101,jazz_audio46,iteration1,"['Track 10', 'Track 1']","[0.0, 0.6214248569942797]",['Track 1']
102,jazz_audio46,iteration2,['Track 10'],[1],[None]
103,jazz_audio46,iteration3,['Track 10'],[1],[None]
104,jazz_audio45,initial iteration,"['Marimba', 'Fingered Bass', 'Cymbals', 'Rythm Guitar', 'Muted Guitar', 'Solo Guitar', 'Piano R.H.', 'Synth Brass', 'Synvox', 'Piano L.H.', 'Vibraphone', 'Snare']","[0.479, -0.17, -0.368, -0.133, 0.221, 0.64, 0.162, 0.206, 0.65, 0.002, 0.321, 0.107]",['Cymbals']
105,jazz_audio45,iteration1,"['Marimba', 'Fingered Bass', 'Rythm Guitar', 'Muted Guitar', 'Kick drums', 'Solo Guitar', 'Piano R.H.', 'Synth Brass', 'Synvox', 'Piano L.H.', 'Vibraphone', 'Snare']","[0.09873890705277907, 0.11863615133115367, 0.029332087809434842, 0.033722559551611395, 0.0, 0.4055114432508174, 0.10742643624474545, 0.4586641756188697, 0.09182624941616067, 0.1073330219523587, 0.05007006071929005, 0.013264829518916395]",['Piano L.H.']
106,jazz_audio45,iteration2,"['Marimba', 'Fingered Bass', 'Rythm Guitar', 'Muted Guitar', 'Kick drums', 'Solo Guitar', 'Piano R.H.', 'Synth Brass', 'Synvox', 'Vibraphone', 'Snare']","[0.10041407867494824, 0.12422360248447205, 0.029550159984942592, 0.03867871259175607, 0.0, 0.4013739883305101, 0.12224731789949181, 0.4588744588744589, 0.09909655561829475, 0.050912855260681344, 0.012892904197252024]",['Rythm Guitar']
107,jazz_audio45,iteration3,"['Marimba', 'Fingered Bass', 'Muted Guitar', 'Kick drums', 'Solo Guitar', 'Piano R.H.', 'Synth Brass', 'Synvox', 'Vibraphone', 'Snare']","[0.11889828197436597, 0.11798927370239069, 0.0373602399781838, 0.0, 0.3876920279974548, 0.11808017452958822, 0.44323243341514407, 0.10035451322607036, 0.07135714935005909, 0.012998818289246433]",['Fingered Bass']
108,jazz_audio44,initial iteration,"['Drums', 'Riff', 'piano track 1', 'Melo', 'Bass', 'Guitar']","[-0.334, 0.099, 0.167, 0.862, -0.101, 0.663]",['Drums']
109,jazz_audio44,iteration1,"['Riff', 'piano track 1', 'Melo', 'Bass', 'Guitar']","[0.588891248937978, 0.21516567544604928, 0.5333474936278675, 0.1110875106202209, 0.17013593882752762]",['Bass']
110,jazz_audio44,iteration2,"['Riff', 'piano track 1', 'Melo', 'Guitar']","[0.5722669735327963, 0.23498273878020715, 0.5781357882623706, 0.17261219792865362]",['Riff']
111,jazz_audio44,iteration3,"['piano track 1', 'Melo', 'Guitar']","[0.32154152512592243, 0.6269181211198314, 0.21834368044980673]",['piano track 1']
112,jazz_audio41,initial iteration,"['Rhodes-low', 'Eric Marienthal', 'John Pattituci', 'Dave Weckl', 'synth sub', 'Rhodes-high', 'Chick Corea', 'FMelp-accomp', 'synth-sub', 'Sequencer', 'Frank Gambale']","[-0.077, 0.286, 0.271, -0.184, 0.694, -0.04, 0.84, 0.641, 0.548, -0.082, 0.408]",['Dave Weckl']
113,jazz_audio41,iteration1,"['Rhodes-low', 'Eric Marienthal', 'John Pattituci', 'synth sub', 'Rhodes-high', 'syth bass dr', 'Chick Corea', 'FMelp-accomp', 'synth-sub', 'Sequencer', 'Frank Gambale']","[0.07321372363865282, 0.4192005036197671, 0.27963487566887, 0.9631098520616934, 0.0966320428076802, 0.0, 0.7057601510859302, 0.18067359143846395, 0.0066100094428706326, 0.07491344035253383, 0.4757318224740321]",['Sequencer']
114,jazz_audio41,iteration2,"['Rhodes-low', 'Eric Marienthal', 'John Pattituci', 'synth sub', 'Rhodes-high', 'syth bass dr', 'Chick Corea', 'FMelp-accomp', 'synth-sub', 'Frank Gambale']","[0.07465896522059727, 0.4093646306992749, 0.29150792675433207, 0.9643603293597148, 0.09432223178075458, 0.0, 0.6949735774855598, 0.17635492196141084, 0.007496620376059973, 0.4647904633157183]",['Rhodes-low']
115,jazz_audio41,iteration3,"['Eric Marienthal', 'John Pattituci', 'synth sub', 'Rhodes-high', 'syth bass dr', 'Chick Corea', 'FMelp-accomp', 'synth-sub', 'Frank Gambale']","[0.40793043907252097, 0.2968672915638875, 0.9596694622594968, 0.09872964972866305, 0.0, 0.6975209669462259, 0.17698569314257523, 0.007523433645781944, 0.4676245683275777]",['Rhodes-high']
116,jazz_audio43,initial iteration,"['piano track 7', 'piano track 6', 'piano track 4', 'piano track 5', 'piano track 1', 'piano track 2', 'piano track 3', 'piano track 11', 'piano track 8', 'piano track 9']","[0.815, 0.055, 0.258, 0.053, 0.287, 0.667, -0.08, -0.058, 0.636, 0.907]",['piano track 3']
117,jazz_audio43,iteration1,"['piano track 7', 'piano track 6', 'piano track 4', 'piano track 5', 'piano track 1', 'piano track 2', 'piano track 12', 'piano track 10', 'piano track 11', 'piano track 8', 'piano track 9']","[0.4749121574139143, 0.6990864371047084, 0.038229093464511595, 0.6973998594518622, 0.06844694307800421, 0.0685874912157414, 0.0, 0.0, 0.0007027406886858749, 0.044413211524947295, 0.1713281799016163]",['piano track 6']
118,jazz_audio43,iteration2,"['piano track 7', 'piano track 4', 'piano track 5', 'piano track 1', 'piano track 2', 'piano track 12', 'piano track 10', 'piano track 11', 'piano track 8', 'piano track 9']","[0.49614769588602997, 0.033144352376798955, 0.69283326064835, 0.07094054368367496, 0.07108591365023986, 0.0, 0.0, 0.0007268498328245384, 0.04593690943451083, 0.17720598924262249]",['piano track 11']
119,jazz_audio43,iteration3,"['piano track 7', 'piano track 4', 'piano track 5', 'piano track 1', 'piano track 2', 'piano track 12', 'piano track 10', 'piano track 8', 'piano track 9']","[0.564079822616408, 0.03835920177383592, 0.5197339246119734, 0.10953436807095343, 0.11152993348115299, 0.0, 0.0, 0.0951219512195122, 0.31929046563192903]",['piano track 5']