,Audio file name,Iterations,Tracks,Correlations,Tracks removed
0,sin2,initial iteration,"['piano track 7', 'piano track 6', 'piano track 4', 'piano track 5', 'piano track 1', 'piano track 2', 'piano track 3', 'piano track 8']","[0.918, -0.808, -0.032, 0.023, 0.793, 0.103, -0.211, 0.282]",['piano track 6']
1,sin2,iteration1,"['piano track 7', 'piano track 4', 'piano track 5', 'piano track 1', 'piano track 2', 'piano track 3', 'piano track 8']","[0.3202948519795506, 0.12397031098731254, 0.1487168164138798, 0.5162287480680062, 0.4405964977835148, 0.16225351155799378, 0.2946651493792143]",['piano track 3']
2,sin2,iteration2,"['piano track 7', 'piano track 4', 'piano track 5', 'piano track 1', 'piano track 2', 'piano track 8']","[0.31684532410363253, 0.12554185288484157, 0.15788500957693472, 0.5195907120534964, 0.446167545952485, 0.2914916495849995]",['piano track 5']
3,sin2,iteration3,"['piano track 7', 'piano track 4', 'piano track 1', 'piano track 2', 'piano track 8']","[0.31542750308817147, 0.12558007545154073, 0.5193636697492738, 0.44735084966447436, 0.29154007945781724]",['piano track 4']
4,06christ,initial iteration,"['piano track 4', 'piano track 1', 'piano track 2', 'piano track 3']","[-0.03, -0.125, -0.055, -0.19]",['piano track 3']
5,06christ,iteration1,"['piano track 4', 'piano track 1', 'piano track 2']","[0.7318344737699577, 0.7354187031606386, 0.43499511241446726]",['piano track 4']
6,06christ,iteration2,"['piano track 1', 'piano track 2']","[0.7917863296955773, 0.4764503159103963]",['piano track 1']
7,06christ,iteration3,['piano track 2'],[1.0],['piano track 2']
8,prefug8,initial iteration,"['Right Hand', 'Left Hand', 'Pedal']","[0.125, 0.002, 0.238]",['Left Hand']
9,prefug8,iteration1,"['Right Hand', 'Pedal']","[0.9540523830935251, 0.20160746402877697]",['Pedal']
10,prefug8,iteration2,['Right Hand'],[1.0],['Right Hand']
11,prefug8,iteration3,[],[],[None]
12,03achgot,initial iteration,"['piano track 4', 'piano track 1', 'piano track 2', 'piano track 3']","[0.275, 0.117, 0.27, -0.323]",['piano track 3']
13,03achgot,iteration1,"['piano track 4', 'piano track 1', 'piano track 2']","[0.7655137334689726, 0.441166497117667, 0.3836893862326212]",['piano track 4']
14,03achgot,iteration2,"['piano track 1', 'piano track 2']","[0.512919584641391, 0.5141270224583434]",['piano track 1']
15,03achgot,iteration3,['piano track 2'],[1.0],['piano track 2']
16,12puerna,initial iteration,"['piano track 4', 'piano track 1', 'piano track 2', 'piano track 3']","[-0.157, -0.201, 0.282, 0.315]",['piano track 1']
17,12puerna,iteration1,"['piano track 4', 'piano track 2', 'piano track 3']","[0.7609401872730747, 0.6478119625453851, 0.608064207911332]",['piano track 4']
18,12puerna,iteration2,"['piano track 2', 'piano track 3']","[0.8723688606749082, 0.639492148346141]",['piano track 2']
19,12puerna,iteration3,['piano track 3'],[1.0],['piano track 3']
20,10austie,initial iteration,"['piano track 4', 'piano track 1', 'piano track 2', 'piano track 3']","[-0.588, -0.21, 0.065, 0.065]",['piano track 4']
21,10austie,iteration1,"['piano track 1', 'piano track 2', 'piano track 3']","[0.5449051300070274, 0.6317638791286015, 0.8948699929725931]",['piano track 1']
22,10austie,iteration2,"['piano track 2', 'piano track 3']","[0.7731475278038322, 0.9691812943856358]",['piano track 3']
23,10austie,iteration3,['piano track 2'],[1.0],['piano track 2']
24,sar1,initial iteration,"['piano track 6', 'piano track 4', 'piano track 5', 'piano track 1', 'piano track 2', 'piano track 3']","[0.627, 0.107, 0.839, 0.774, 0.261, 0.141]",['piano track 4']
25,sar1,iteration1,"['piano track 6', 'piano track 5', 'piano track 1', 'piano track 2', 'piano track 3']","[0.10748412749310587, 0.7436670300775989, 0.8164561020970948, 0.17469377284679022, 0.3282562688385814]",['piano track 3']
26,sar1,iteration2,"['piano track 6', 'piano track 5', 'piano track 1', 'piano track 2']","[0.04919458519246767, 0.8583528699992438, 0.9086062164410497, 0.14834001361264462]",['piano track 2']
27,sar1,iteration3,"['piano track 6', 'piano track 5', 'piano track 1']","[0.10012958358141001, 0.8272685882394144, 0.8731481805764718]",['piano track 6']
28,15christ,initial iteration,"['piano track 4', 'piano track 1', 'piano track 2', 'piano track 3']","[0.039, -0.016, 0.067, -0.0]",['piano track 1']
29,15christ,iteration1,"['piano track 4', 'piano track 2', 'piano track 3']","[0.49104632233239603, 0.8126387450051799, 0.6902471511025603]",['piano track 4']
30,15christ,iteration2,"['piano track 2', 'piano track 3']","[0.7677564825253664, 0.7373167981961668]",['piano track 3']
31,15christ,iteration3,['piano track 2'],[1.0],['piano track 2']
32,11jesu,initial iteration,"['piano track 4', 'piano track 1', 'piano track 2', 'piano track 3']","[-0.034, -0.013, 0.218, -0.003]",['piano track 4']
33,11jesu,iteration1,"['piano track 1', 'piano track 2', 'piano track 3']","[0.8448206368399839, 0.38992341797662233, 0.8749697702539299]",['piano track 1']
34,11jesu,iteration2,"['piano track 2', 'piano track 3']","[0.4492820042774213, 0.8699205621753743]",['piano track 2']
35,11jesu,iteration3,['piano track 3'],[1.0],['piano track 3']
36,01ausmei,initial iteration,"['piano track 4', 'piano track 1', 'piano track 2', 'piano track 3']","[-0.357, 0.245, 0.321, 0.076]",['piano track 4']
37,01ausmei,iteration1,"['piano track 1', 'piano track 2', 'piano track 3']","[0.3165728077232502, 0.6340842048806651, 0.6103513006167873]",['piano track 3']
38,01ausmei,iteration2,"['piano track 1', 'piano track 2']","[0.3506197824437136, 0.6926385024032381]",['piano track 1']
39,01ausmei,iteration3,['piano track 2'],[1.0],['piano track 2']
40,09ermunt,initial iteration,"['piano track 4', 'piano track 1', 'piano track 2', 'piano track 3']","[-0.018, 0.182, -0.182, 0.286]",['piano track 2']
41,09ermunt,iteration1,"['piano track 4', 'piano track 1', 'piano track 3']","[0.7141865630205442, 0.40130483064963907, 0.7059966685174903]",['piano track 1']
42,09ermunt,iteration2,"['piano track 4', 'piano track 3']","[0.6941349332680299, 0.6956042610505694]",['piano track 4']
43,09ermunt,iteration3,['piano track 3'],[1.0],['piano track 3']
44,catech5,initial iteration,"['Recorder', 'Electric Bass(finger)', 'Ocarina', 'English Horn']","[0.809, 0.269, 0.415, 0.831]",['Electric Bass(finger)']
45,catech5,iteration1,"['Recorder', 'Ocarina', 'English Horn']","[0.6348628987129267, 0.7313933967543369, 0.2971460548405148]",['Ocarina']
46,catech5,iteration2,"['Recorder', 'English Horn']","[0.9468463886063072, 0.20040691759918616]",['English Horn']
47,catech5,iteration3,['Recorder'],[1.0],['Recorder']
48,13allein,initial iteration,"['piano track 4', 'piano track 1', 'piano track 2', 'piano track 3']","[-0.092, -0.153, -0.375, 0.002]",['piano track 2']
49,13allein,iteration1,"['piano track 4', 'piano track 1', 'piano track 3']","[0.7074630113141862, 0.418733681462141, 0.7402088772845953]",['piano track 1']
50,13allein,iteration2,"['piano track 4', 'piano track 3']","[0.6288781730506778, 0.7719042853243563]",['piano track 4']
51,13allein,iteration3,['piano track 3'],[1.0],['piano track 3']
52,catech4,initial iteration,"['Viola', 'Violin', 'Cello', 'Contrabass']","[0.523, 0.948, 0.284, 0.057]",['Contrabass']
53,catech4,iteration1,"['Viola', 'Violin', 'Cello']","[0.7533740588151726, 0.9497087654496378, 0.6319079414689587]",['Cello']
54,catech4,iteration2,"['Viola', 'Violin']","[0.7418166939443536, 0.9481723949809057]",['Viola']
55,catech4,iteration3,['Violin'],[1.0],['Violin']
56,cou2,initial iteration,"['piano track 4', 'piano track 5', 'piano track 1', 'piano track 2', 'piano track 3']","[-0.037, 0.012, 0.305, 0.679, 0.636]",['piano track 4']
57,cou2,iteration1,"['piano track 5', 'piano track 1', 'piano track 2', 'piano track 3']","[0.4915655214976342, 0.4779194953027498, 0.4816910100802304, 0.19786737982582459]",['piano track 5']
58,cou2,iteration2,"['piano track 1', 'piano track 2', 'piano track 3']","[0.5503726773279211, 0.5169541939321832, 0.21625782972320398]",['piano track 3']
59,cou2,iteration3,"['piano track 1', 'piano track 2']","[0.5869462342106221, 0.5483600888209385]",['piano track 1']
60,catech6,initial iteration,"['Lead 2(Sawtooth)', 'Lead 3(calliope)', 'Oboe', 'Contrabass']","[0.451, -0.016, 1.0, 0.387]",['Lead 3(calliope)']
61,catech6,iteration1,"['Lead 2(Sawtooth)', 'Oboe', 'Contrabass']","[0.7147129683475949, 0.9548890919664368, 0.5196477527623162]",['Contrabass']
62,catech6,iteration2,"['Lead 2(Sawtooth)', 'Oboe']","[0.7503026111015044, 0.9923050319903165]",['Lead 2(Sawtooth)']
63,catech6,iteration3,['Oboe'],[1.0],['Oboe']
64,08freuet,initial iteration,"['piano track 4', 'piano track 1', 'piano track 2', 'piano track 3']","[-0.22, -0.411, -0.434, -0.103]",['piano track 2']
65,08freuet,iteration1,"['piano track 4', 'piano track 1', 'piano track 3']","[0.6476526392605205, 0.6556798832400875, 0.8266845049866213]",['piano track 1']
66,08freuet,iteration2,"['piano track 4', 'piano track 3']","[0.6493409599602089, 0.9104700323302661]",['piano track 4']
67,08freuet,iteration3,['piano track 3'],[1.0],['piano track 3']
68,schub5,initial iteration,"['Clarinet', 'Hammond Organ', 'Pad 1(new age)', 'Music Box']","[0.344, 0.024, 0.265, 0.014]",['Music Box']
69,schub5,iteration1,"['Clarinet', 'Hammond Organ', 'Pad 1(new age)']","[0.8400971051667278, 0.30533162330524, 0.4256595822645658]",['Hammond Organ']
70,schub5,iteration2,"['Clarinet', 'Pad 1(new age)']","[0.853862409016201, 0.4313219065508335]",['Pad 1(new age)']
71,schub5,iteration3,['Clarinet'],[1.0],['Clarinet']
72,gig1,initial iteration,"['piano track 4', 'piano track 5', 'piano track 1', 'piano track 2', 'piano track 3']","[0.451, 0.629, 0.326, 0.65, 0.42]",['piano track 1']
73,gig1,iteration1,"['piano track 4', 'piano track 5', 'piano track 2', 'piano track 3']","[0.3575801224342816, 0.5842497437744106, 0.5290435168000887, 0.6620592227362123]",['piano track 4']
74,gig1,iteration2,"['piano track 5', 'piano track 2', 'piano track 3']","[0.6216270237857285, 0.5558950344079266, 0.6553496473544445]",['piano track 3']
75,gig1,iteration3,"['piano track 5', 'piano track 2']","[0.8891244745019192, 0.8913909705721075]",['piano track 2']
76,07nunlob,initial iteration,"['piano track 4', 'piano track 1', 'piano track 2', 'piano track 3']","[-0.165, -0.022, 0.207, 0.228]",['piano track 4']
77,07nunlob,iteration1,"['piano track 1', 'piano track 2', 'piano track 3']","[0.5399011299435028, 0.7747175141242938, 0.8072033898305084]",['piano track 2']
78,07nunlob,iteration2,"['piano track 1', 'piano track 3']","[0.5335750315258512, 0.8425283732660782]",['piano track 3']
79,07nunlob,iteration3,['piano track 1'],[1.0],['piano track 1']
80,catech2,initial iteration,"['Reed Organ', 'Hammond Organ', 'Viola', 'Lead 2 (Sawtooth)']","[0.167, -0.215, 0.135, 0.139]",['Hammond Organ']
81,catech2,iteration1,"['Reed Organ', 'Viola', 'Lead 2 (Sawtooth)']","[0.7117060034848725, 0.576587993030255, 0.9163630603516553]",['Viola']
82,catech2,iteration2,"['Reed Organ', 'Lead 2 (Sawtooth)']","[0.7209236031927024, 0.9027936145952109]",['Reed Organ']
83,catech2,iteration3,['Lead 2 (Sawtooth)'],[1.0],['Lead 2 (Sawtooth)']
84,men1,initial iteration,"['piano track 4', 'piano track 5', 'piano track 1', 'piano track 2', 'piano track 3']","[0.506, 0.734, -0.06, 0.046, 0.19]",['piano track 1']
85,men1,iteration1,"['piano track 4', 'piano track 5', 'piano track 2', 'piano track 3']","[0.8605826475802397, 0.035376921652157806, 0.20416479242187707, 0.24165850818934723]",['piano track 2']
86,men1,iteration2,"['piano track 4', 'piano track 5', 'piano track 3']","[0.8864275410156728, 0.032836988679429815, 0.22279273331866306]",['piano track 3']
87,men1,iteration3,"['piano track 4', 'piano track 5']","[0.945158002038736, 0.034683995922528035]",['piano track 4']
88,catech1,initial iteration,"['Clarinet', 'String Ensemble 1', 'Pad 1 (New Age)', 'Brass Section']","[0.032, -0.079, 0.501, 0.756]",['String Ensemble 1']
89,catech1,iteration1,"['Clarinet', 'Pad 1 (New Age)', 'Brass Section']","[0.5864166244298024, 0.7512128013901962, 0.7665628846571574]",['Clarinet']
90,catech1,iteration2,"['Pad 1 (New Age)', 'Brass Section']","[0.7522886786695148, 0.7746414403417761]",['Pad 1 (New Age)']
91,catech1,iteration3,['Brass Section'],[1.0],['Brass Section']
92,pre1,initial iteration,"['piano track 4', 'piano track 1', 'piano track 2', 'piano track 3']","[0.541, 1.0, 0.51, 0.323]",['piano track 3']
93,pre1,iteration1,"['piano track 4', 'piano track 1', 'piano track 2']","[0.07957215784782433, 0.9406855198120088, 0.7586905437160684]",['piano track 2']
94,pre1,iteration2,"['piano track 4', 'piano track 1']","[0.07577692635163899, 0.9813537675606641]",['piano track 4']
95,pre1,iteration3,['piano track 1'],[1.0],['piano track 1']
96,05anwass,initial iteration,"['piano track 4', 'piano track 1', 'piano track 2', 'piano track 3']","[0.059, -0.166, -0.0, 0.004]",['piano track 1']
97,05anwass,iteration1,"['piano track 4', 'piano track 2', 'piano track 3']","[0.5306571638193062, 0.6782307934178807, 0.6335813855989938]",['piano track 4']
98,05anwass,iteration2,"['piano track 2', 'piano track 3']","[0.7589224823823596, 0.6664014548761082]",['piano track 3']
99,05anwass,iteration3,['piano track 2'],[1.0],['piano track 2']
100,04esistd,initial iteration,"['piano track 4', 'piano track 1', 'piano track 2', 'piano track 3']","[0.103, -0.295, -0.191, -0.344]",['piano track 3']
101,04esistd,iteration1,"['piano track 4', 'piano track 1', 'piano track 2']","[0.6475587703435804, 0.43544303797468353, 0.5978300180831826]",['piano track 1']
102,04esistd,iteration2,"['piano track 4', 'piano track 2']","[0.6003310649255104, 0.691557844399485]",['piano track 4']
103,04esistd,iteration3,['piano track 2'],[1.0],['piano track 2']
104,14oherre,initial iteration,"['piano track 4', 'piano track 1', 'piano track 2', 'piano track 3']","[0.008, 0.054, -0.109, 0.125]",['piano track 2']
105,14oherre,iteration1,"['piano track 4', 'piano track 1', 'piano track 3']","[0.7367273659912799, 0.5278276481149012, 0.8195691202872532]",['piano track 3']
106,14oherre,iteration2,"['piano track 4', 'piano track 1']","[0.6873887617594712, 0.5663615560640732]",['piano track 4']
107,14oherre,iteration3,['piano track 1'],[1.0],['piano track 1']
108,catech10,initial iteration,"['Clarinet', 'Hammond Organ', 'Pad 1(new age)', 'Viola', 'String Ensemble', 'Oboe', 'Contrabass', 'Trombone', 'Trumpet']","[0.193, 0.064, 0.336, 0.796, 0.13, 0.247, 0.09, 0.998, 0.844]",['Hammond Organ']
109,catech10,iteration1,"['Clarinet', 'Pad 1(new age)', 'Viola', 'String Ensemble', 'Oboe', 'Contrabass', 'Trombone', 'Trumpet']","[0.7489096040366031, 0.18808974030046466, 0.6129878274751276, 0.6373613843039996, 0.6467402149434134, 0.5341657401864364, 0.23583910601784544, 0.6330283075344223]",['String Ensemble']
110,catech10,iteration2,"['Clarinet', 'Pad 1(new age)', 'Viola', 'Oboe', 'Contrabass', 'Trombone', 'Trumpet']","[0.7527284525986667, 0.1724382042357383, 0.6354492360332724, 0.6504336027373017, 0.5315615597899829, 0.2440269010677836, 0.6548286236800189]",['Contrabass']
111,catech10,iteration3,"['Clarinet', 'Pad 1(new age)', 'Viola', 'Oboe', 'Trombone', 'Trumpet']","[0.7531420161883738, 0.18113318616629875, 0.6325533480500368, 0.6294334069168507, 0.24350257542310522, 0.6518910963944077]",['Clarinet']
112,catech11,initial iteration,"['Lead 2(sawtooth)', 'Lead 5(charang)', 'String Ensemble', 'Brass Section', 'Contrabass', 'Trumpet']","[0.227, 0.384, -0.45, 0.524, -0.419, 0.97]",['String Ensemble']
113,catech11,iteration1,"['Lead 2(sawtooth)', 'Lead 5(charang)', 'Brass Section', 'Contrabass', 'Trumpet']","[0.7983870967741935, 0.5719941348973607, 0.6655425219941349, 0.3098240469208211, 0.5878299120234605]",['Contrabass']
114,catech11,iteration2,"['Lead 2(sawtooth)', 'Lead 5(charang)', 'Brass Section', 'Trumpet']","[0.8016320474777449, 0.6038575667655787, 0.6615727002967359, 0.577893175074184]",['Lead 2(sawtooth)']
115,catech11,iteration3,"['Lead 5(charang)', 'Brass Section', 'Trumpet']","[0.6021309406981634, 0.6615729706995654, 0.5659610262161783]",['Lead 5(charang)']
116,all2,initial iteration,"['piano track 4', 'piano track 1', 'piano track 2', 'piano track 3']","[0.646, 0.894, 0.189, 0.065]",['piano track 3']
117,all2,iteration1,"['piano track 4', 'piano track 1', 'piano track 2']","[0.003132732514585367, 0.9333726816644344, 0.20310549136228462]",['piano track 2']
118,all2,iteration2,"['piano track 4', 'piano track 1']","[0.0034159606265590937, 0.9471649774142077]",['piano track 4']
119,all2,iteration3,['piano track 1'],[1.0],['piano track 1']
