,Audio file name,Iterations,Tracks,Correlations,Tracks removed
0,Schubert_audio_2,initial iteration,"['Right ', 'Left']","[0.701, -0.221]",['Left']
1,Schubert_audio_2,iteration1,"['Right ', 'Pedale']","[0.8873329583583855, 0.0]",['Right ']
2,muss_1,initial iteration,"['Piano right', 'Piano left']","[0.747, 0.134]",['Piano left']
3,muss_1,iteration1,['Piano right'],[0.9667762088765303],['Piano right']
4,Schubert_audio_1,initial iteration,"['Piano right', 'Piano left']","[0.662, 0.226]",['Piano left']
5,Schubert_audio_1,iteration1,['Piano right'],[1.0],['Piano right']
6,Schubert_audio_5,initial iteration,"['Piano right', 'Piano left']","[0.74, -0.017]",['Piano left']
7,Schubert_audio_5,iteration1,['Piano right'],[1.0],['Piano right']
8,alb_se8,initial iteration,"['Piano right', 'Piano left']","[0.913, 0.289]",['Piano left']
9,alb_se8,iteration1,['Piano right'],[1.0],['Piano right']
10,Choplin_audio_3,initial iteration,"['Piano right', 'Piano left']","[0.364, 0.2]",['Piano left']
11,Choplin_audio_3,iteration1,['Piano right'],[1.0],['Piano right']
12,Mozart_audio_3,initial iteration,"['Piano right', 'Piano left']","[0.719, 0.067]",['Piano left']
13,Mozart_audio_3,iteration1,"['Piano right', 'Pedale']","[0.9602735515598586, 0.0]",['Piano right']
14,Mozart_audio_2,initial iteration,"['Piano right', 'Piano left']","[0.643, 0.085]",['Piano left']
15,Mozart_audio_2,iteration1,"['Piano right', 'Pedal']","[0.9158527422990232, 0.0]",['Piano right']
16,Choplin_audio_2,initial iteration,"['Piano right', 'Piano left']","[0.626, 0.352]",['Piano left']
17,Choplin_audio_2,iteration1,['Piano right'],[1.0],['Piano right']
18,Mozart_audio_1,initial iteration,"['Piano right', 'Piano left']","[0.385, 0.317]",['Piano left']
19,Mozart_audio_1,iteration1,"['Piano right', 'Pedal']","[0.9544578976334618, 0.0]",['Piano right']
20,Choplin_audio_1,initial iteration,"['Piano right', 'Piano left']","[0.468, 0.337]",['Piano left']
21,Choplin_audio_1,iteration1,['Piano right'],[1.0],['Piano right']
22,Choplin_audio_5,initial iteration,"['Piano right', 'Piano left']","[0.54, 0.132]",['Piano left']
23,Choplin_audio_5,iteration1,"['Piano right', 'Pedal']","[0.983486504989316, 0.0]",['Piano right']
24,Choplin_audio_4,initial iteration,"['Piano right', 'Piano left']","[0.715, 0.369]",['Piano left']
25,Choplin_audio_4,iteration1,['Piano right'],[1.0],['Piano right']
26,Choplin_audio_6,initial iteration,"['Piano right', 'Piano left']","[0.452, -0.027]",['Piano left']
27,Choplin_audio_6,iteration1,"['Piano right', 'Pedal']","[0.8874677083989667, 0.0]",['Piano right']
28,Beth_audio_1,initial iteration,"['Piano right', 'Piano left']","[0.617, 0.079]",['Piano left']
29,Beth_audio_1,iteration1,"['Piano right', 'Pedale']","[0.9646403277322594, 0.0]",['Piano right']
30,Beth_audio_3,initial iteration,"['Piano right', 'Piano left']","[0.809, 0.269]",['Piano left']
31,Beth_audio_3,iteration1,"['Piano right', 'Pedale']","[0.92776952647213, 0.0]",['Piano right']
32,Beth_audio_2,initial iteration,"['Piano right', 'Piano left']","[0.579, 0.406]",['Piano left']
33,Beth_audio_2,iteration1,"['Piano right', 'Pedale']","[0.9638893400465595, 0.0]",['Piano right']
34,alb_esp3,initial iteration,"['Piano right', 'Piano left']","[0.439, 0.132]",['Piano left']
35,alb_esp3,iteration1,['Piano right'],[1.0],['Piano right']
36,alb_se4,initial iteration,"['Piano right', 'Piano left']","[0.756, 0.05]",['Piano left']
37,alb_se4,iteration1,['Piano right'],[1.0],['Piano right']
38,alb_se5,initial iteration,"['Piano right', 'Piano left']","[0.289, 0.211]",['Piano left']
39,alb_se5,iteration1,['Piano right'],[1.0],['Piano right']
40,alb_esp2,initial iteration,"['Piano right', 'Piano left']","[0.941, 0.318]",['Piano left']
41,alb_esp2,iteration1,['Piano right'],[1.0],['Piano right']
42,alb_se7,initial iteration,"['Piano right', 'Piano left']","[0.609, 0.433]",['Piano left']
43,alb_se7,iteration1,['Piano right'],[1.0],['Piano right']
44,alb_se6,initial iteration,"['Piano right', 'Piano left']","[0.364, 0.32]",['Piano left']
45,alb_se6,iteration1,['Piano right'],[1.0],['Piano right']
46,alb_esp1,initial iteration,"['Piano right', 'Piano left']","[0.412, 0.789]",['Piano right']
47,alb_esp1,iteration1,['Piano left'],[1.0],['Piano left']
48,alb_esp5,initial iteration,"['Piano right', 'Piano left']","[0.916, -0.17]",['Piano left']
49,alb_esp5,iteration1,['Piano right'],[1.0],['Piano right']
50,alb_se2,initial iteration,"['Piano right', 'Piano left']","[0.748, 0.48]",['Piano left']
51,alb_se2,iteration1,['Piano right'],[1.0],['Piano right']
52,alb_se3,initial iteration,"['Piano right', 'Piano left']","[0.739, -0.025]",['Piano left']
53,alb_se3,iteration1,['Piano right'],[1.0],['Piano right']
54,alb_esp4,initial iteration,"['Piano right', 'Piano left']","[0.848, 0.297]",['Piano left']
55,alb_esp4,iteration1,['Piano right'],[1.0],['Piano right']
56,alb_esp6,initial iteration,"['Piano right', 'Piano left']","[0.513, 0.334]",['Piano left']
57,alb_esp6,iteration1,['Piano right'],[1.0],['Piano right']
58,alb_se1,initial iteration,"['Piano right', 'Piano left']","[0.722, 0.008]",['Piano left']
59,alb_se1,iteration1,['Piano right'],[1.0],['Piano right']