,Audio file name,Iterations,Tracks,Correlations,Tracks removed
0,pop_audio1,initial iteration,"['Pad 1 (new age)', 'Acoustic Bass', 'Adele - Hello(2015)', 'Lead 6 (voice)', 'Words & Music by Greg Kurstin & Adele Atkins(2015)', 'Acoustic Grand', 'FX7 (echoes)', 'Percussion', 'Sequence by Geoffrey Carter 25th October 2015', 'Choir Aahs']","[0.523, 0.366, 0.354, 0.989, 0.685, -0.707, -0.048, 0.007, -0.018, -0.443]",['Acoustic Grand']
1,pop_audio1,iteration1,"['Pad 1 (new age)', 'Acoustic Bass', 'Adele - Hello(2015)', 'Lead 6 (voice)', 'Words & Music by Greg Kurstin & Adele Atkins(2015)', 'FX7 (echoes)', 'Percussion', 'Sequence by Geoffrey Carter 25th October 2015', 'Choir Aahs']","[0.6874586466165413, 0.4379548872180451, 0.6594586466165413, 0.08760902255639098, 0.8038195488721804, 0.7406917293233083, 0.09807518796992482, 0.7336842105263158, 0.5721804511278196]",['Choir Aahs']
2,pop_audio1,iteration2,"['Pad 1 (new age)', 'Acoustic Bass', 'Adele - Hello(2015)', 'Lead 6 (voice)', 'Words & Music by Greg Kurstin & Adele Atkins(2015)', 'FX7 (echoes)', 'Percussion', 'Sequence by Geoffrey Carter 25th October 2015']","[0.6860603535503839, 0.4330397000178561, 0.6563895006249628, 0.08669126837688233, 0.799922623653354, 0.7444794952681388, 0.09683947384084281, 0.7263853342062973]",['Sequence by Geoffrey Carter 25th October 2015']
3,pop_audio1,iteration3,"['Pad 1 (new age)', 'Acoustic Bass', 'Adele - Hello(2015)', 'Lead 6 (voice)', 'Words & Music by Greg Kurstin & Adele Atkins(2015)', 'FX7 (echoes)', 'Percussion']","[0.6881809080737294, 0.4355456097991873, 0.6547906483717095, 0.0870384547435369, 0.7882044638124963, 0.7516341793769508, 0.09749131382132972]",['Percussion']
4,pop_audio2,initial iteration,"['Drum Track 1', 'Drum Track 2', 'Pan Flute Lead', 'Pan Flute', 'Strings 2', 'Guitar 1', 'Strings 1', 'Guitar 2', 'Intro Lead', 'Bass']","[0.251, -0.122, 0.906, 0.302, 0.217, 0.124, -0.149, -0.209, 0.033, 0.215]",['Guitar 2']
5,pop_audio2,iteration1,"['Drum Track 1', 'Drum Track 2', 'Pan Flute Lead', 'Pan Flute', 'Strings 2', 'Guitar 1', 'Strings 1', 'Intro Lead', 'Bass']","[0.18477118688593497, 0.014290968318184206, 0.5720196500814375, 0.05168654442284453, 0.601258340776546, 0.09503231229969002, 0.6121735932328062, 0.0973966269111543, 0.3757815373299007]",['Strings 1']
6,pop_audio2,iteration2,"['Drum Track 1', 'Drum Track 2', 'Pan Flute Lead', 'Pan Flute', 'Strings 2', 'Guitar 1', 'Intro Lead', 'Bass']","[0.18829593693147362, 0.013164544168182737, 0.5598342429755407, 0.05265817667273095, 0.5809834242975541, 0.11164594703860926, 0.0822089144936325, 0.38294673539518903]",['Pan Flute']
7,pop_audio2,iteration3,"['Drum Track 1', 'Drum Track 2', 'Pan Flute Lead', 'Strings 2', 'Guitar 1', 'Intro Lead', 'Bass']","[0.18828024175515262, 0.012726645455590907, 0.5662079452089802, 0.5877767981497809, 0.11310870037438826, 0.07968208941873986, 0.3834604720103244]",['Drum Track 2']
8,pop_audio49,initial iteration,"['Drums', 'New Age', 'Strings', 'Bass']","[0.123, 0.562, 0.212, -0.14]",['Bass']
9,pop_audio49,iteration1,"['Drums', 'New Age', 'Strings']","[0.09492278895648106, 0.5620496022461394, 0.6164014974262986]",['Drums']
10,pop_audio49,iteration2,"['New Age', 'Strings']","[0.6230836676674549, 0.6178228870526343]",['Strings']
11,pop_audio49,iteration3,['New Age'],[1.0],['New Age']
12,pop_audio3,initial iteration,"['Hypersaw heaven 2 (MIDI)', 'Keys (MIDI)', 'Deep2 (MIDI)', 'Keys #2 (MIDI)', '4 drawbars (MIDI)']","[0.033, 0.024, 0.249, 0.306, -0.23]",['4 drawbars (MIDI)']
13,pop_audio3,iteration1,"['Hypersaw heaven 2 (MIDI)', 'Keys (MIDI)', 'FPC (MIDI)', 'Deep2 (MIDI)', 'Keys #2 (MIDI)']","[0.5309648375714807, 0.21292127996106583, 0.0, 0.3911668086141866, 0.306363304538265]",['Keys (MIDI)']
14,pop_audio3,iteration2,"['Hypersaw heaven 2 (MIDI)', 'FPC (MIDI)', 'Deep2 (MIDI)', 'Keys #2 (MIDI)']","[0.6539388754957617, 0.0, 0.371801850843767, 0.2441869507737771]",['Hypersaw heaven 2 (MIDI)']
15,pop_audio3,iteration3,"['FPC (MIDI)', 'Deep2 (MIDI)', 'Keys #2 (MIDI)']","[0.0, 0.23500641436818473, 0.7734926234765875]",['Deep2 (MIDI)']
16,pop_audio7,initial iteration,"['Dist Guit', 'Ride Cym', 'reso synth', 'More lead strings', 'Lead Strings', 'Mellow Strings', 'Bass', 'Kick', 'Snare']","[0.134, 0.943, 0.022, 0.728, 0.566, 0.269, -0.129, 0.02, 0.211]",['Bass']
17,pop_audio7,iteration1,"['Dist Guit', 'Ride Cym', 'reso synth', 'More lead strings', 'Lead Strings', 'Mellow Strings', 'Kick', 'Snare']","[0.4357846853677028, 0.024639878695981804, 0.6417740712661106, 0.7694465504169825, 0.8821834723275208, 0.8828658074298711, 0.1272934040940106, 0.5217589082638362]",['Ride Cym']
18,pop_audio7,iteration2,"['Dist Guit', 'reso synth', 'More lead strings', 'Lead Strings', 'Mellow Strings', 'Kick', 'Snare']","[0.4192710447276565, 0.6742430392077279, 0.802175501258219, 0.9331926292718565, 0.8795356765971264, 0.13223475931487946, 0.5010146927510349]",['Kick']
19,pop_audio7,iteration3,"['Dist Guit', 'reso synth', 'More lead strings', 'Lead Strings', 'Mellow Strings', 'Snare']","[0.4107777502272915, 0.6752624183816844, 0.8182494421026532, 0.935614513596165, 0.8767666749318126, 0.5021076121993553]",['Dist Guit']
20,pop_audio4,initial iteration,"['Drums', 'Chorus', 'Strings', 'Bass #2', 'Voice', 'Lead']","[0.135, 0.977, -0.068, 0.05, -0.128, 0.027]",['Voice']
21,pop_audio4,iteration1,"['Drums', 'Ed Sheeran - Shape of You', 'cprato.com', 'Chorus', 'Strings', 'Bass #2', 'Carlo Prato', 'Lead']","[0.39363168201929355, 0.0, 0.0, 0.1498513092043229, 0.13563501849568435, 0.1402045405091753, 0.0, 0.8087328642924494]",['Drums']
22,pop_audio4,iteration2,"['Ed Sheeran - Shape of You', 'cprato.com', 'Chorus', 'Strings', 'Bass #2', 'Carlo Prato', 'Lead']","[0.0, 0.0, 0.15733232284956422, 0.11330049261083744, 0.12300113679424024, 0.0, 0.8543387646835923]",['Strings']
23,pop_audio4,iteration3,"['Ed Sheeran - Shape of You', 'cprato.com', 'Chorus', 'Bass #2', 'Carlo Prato', 'Lead']","[0.0, 0.0, 0.15573893473368342, 0.12820705176294073, 0.0, 0.8564141035258814]",['Bass #2']
24,pop_audio5,initial iteration,"['DRUMS', 'TOMS', 'HARMONY', 'ACCORDIAN', 'STRINGS', 'HARMONICA', 'STEEL DRUMS', 'BASS', 'LEAD']","[0.011, -0.075, 0.964, 0.181, 0.138, -0.012, 0.366, -0.025, 0.662]",['TOMS']
25,pop_audio5,iteration1,"['DRUMS', 'piano track 1', 'HARMONY', 'piano track 2', 'Dan Dowd', 'ACCORDIAN', 'STRINGS', 'HARMONICA', 'I Can C Clearly', 'STEEL DRUMS', 'BASS', 'LEAD', 'aol cardnil']","[0.9303785428951874, 0.0, 0.4293323188130112, 0.0, 0.0, 0.4297444676938685, 0.3325090355716188, 0.37511888910024727, 0.0, 0.45973622471625136, 0.2749350072918648, 0.6418426225350327, 0.0]",['BASS']
26,pop_audio5,iteration2,"['DRUMS', 'piano track 1', 'HARMONY', 'piano track 2', 'Dan Dowd', 'ACCORDIAN', 'STRINGS', 'HARMONICA', 'I Can C Clearly', 'STEEL DRUMS', 'LEAD', 'aol cardnil']","[0.9136626613262128, 0.0, 0.4062601987835633, 0.0, 0.0, 0.4148049250852989, 0.3108440884141819, 0.3554072096128171, 0.0, 0.4577955792909064, 0.6535528853285862, 0.0]",['HARMONICA']
27,pop_audio5,iteration3,"['DRUMS', 'piano track 1', 'HARMONY', 'piano track 2', 'Dan Dowd', 'ACCORDIAN', 'STRINGS', 'I Can C Clearly', 'STEEL DRUMS', 'LEAD', 'aol cardnil']","[0.9093609815513503, 0.0, 0.4065535783250646, 0.0, 0.0, 0.4177534832595585, 0.30911143459790263, 0.0, 0.45640355307328956, 0.6481685036095184, 0.0]",['DRUMS']
28,pop_audio15,initial iteration,"['Sawer #3 (MIDI)', 'Stairs (MIDI)', 'Sawer (MIDI)', 'Keys (MIDI)', 'FPC #2 (MIDI)', 'FPC (MIDI)', 'Absynth 5 (MIDI)', 'Sawer #2 (MIDI)', 'Keys #2 (MIDI)', 'BooBass (MIDI)']","[0.777, -0.124, 0.927, 0.372, 0.141, 0.93, -0.133, -0.306, 0.579, -0.062]",['Sawer #2 (MIDI)']
29,pop_audio15,iteration1,"['Sawer #3 (MIDI)', 'Stairs (MIDI)', 'Sawer (MIDI)', 'Keys (MIDI)', 'FPC #2 (MIDI)', 'FPC (MIDI)', 'Absynth 5 (MIDI)', 'Keys #2 (MIDI)', 'BooBass (MIDI)']","[0.47204490698194285, 0.33973324060505206, 0.057872382702863816, 0.7002309927721616, 0.060281662154442264, 0.19157497329922257, 0.1508159260823129, 0.2442313901790815, 0.266982936340379]",['Absynth 5 (MIDI)']
30,pop_audio15,iteration2,"['Sawer #3 (MIDI)', 'Stairs (MIDI)', 'Sawer (MIDI)', 'Keys (MIDI)', 'FPC #2 (MIDI)', 'FPC (MIDI)', 'Keys #2 (MIDI)', 'BooBass (MIDI)']","[0.4803229061553986, 0.34714934409687187, 0.05544904137235116, 0.697452068617558, 0.06152875882946519, 0.20365792129162463, 0.2541624621594349, 0.27439455095862764]",['Stairs (MIDI)']
31,pop_audio15,iteration3,"['Sawer #3 (MIDI)', 'Sawer (MIDI)', 'Keys (MIDI)', 'FPC #2 (MIDI)', 'FPC (MIDI)', 'Keys #2 (MIDI)', 'BooBass (MIDI)']","[0.47402529528587856, 0.056130448416431486, 0.7112731263719034, 0.06211456046827637, 0.20259747047141213, 0.25423330197554095, 0.26136719974913764]",['BooBass (MIDI)']
32,pop_audio14,initial iteration,"['2 Electric', '5 Bass', '10 Drums Clap', '13 Pizz', '6 Orchestra Hit', '1 Guitar', '3 Strings', '9 Sawtooth', '11 Pad', '8 Notes', '10 Drums', '12 Chorus']","[-0.103, 0.13, 0.09, -0.035, -0.06, 0.003, 0.003, 0.101, 0.713, -0.133, 0.082, -0.152]",['12 Chorus']
33,pop_audio14,iteration1,"['2 Electric', '5 Bass', '10 Drums Clap', '13 Pizz', '6 Orchestra Hit', '1 Guitar', '3 Strings', 'Track 17', '9 Sawtooth', '4 Bell', '11 Pad', '8 Notes', '10 Drums', 'Cinderella - Britney Spears', '14 Gunshot']","[0.11219710853186723, 0.38645024289495883, 0.07790092212816709, 0.0010181225819588678, 0.007592285539750414, 0.12412368734909969, 0.12351281379992436, 0.0, 0.10111411699682928, 0.0, 0.189487157110859, 0.4828809960147773, 0.23204468103673967, 0.0, 0.0]",['8 Notes']
34,pop_audio14,iteration2,"['2 Electric', '5 Bass', '10 Drums Clap', '13 Pizz', '6 Orchestra Hit', '1 Guitar', '3 Strings', 'Track 17', '9 Sawtooth', '4 Bell', '11 Pad', '10 Drums', 'Cinderella - Britney Spears', '14 Gunshot']","[0.1102256044581598, 0.3524882404050694, 0.08547802378883662, 0.0279833418222129, 0.009078107678940588, 0.1295203283698355, 0.12751295802498727, 0.0, 0.0686101207418282, 0.0, 0.17281361416544327, 0.21709560475776732, 0.0, 0.0]",['9 Sawtooth']
35,pop_audio14,iteration3,"['2 Electric', '5 Bass', '10 Drums Clap', '13 Pizz', '6 Orchestra Hit', '1 Guitar', '3 Strings', 'Track 17', '4 Bell', '11 Pad', '10 Drums', 'Cinderella - Britney Spears', '14 Gunshot']","[0.10739642311494563, 0.35265570234564575, 0.0856175668793625, 0.02797998861627872, 0.0070998472184775775, 0.12677870644977682, 0.12477157664539708, 0.0, 0.0, 0.17378149246577396, 0.2172792906144214, 0.0, 0.0]",['11 Pad']
36,pop_audio16,initial iteration,"['Reverse Cymbal', 'Whistle', 'Sea Shore', 'Open Hi Hat', 'Crash Cymbal', 'Strings', 'Overdriven Guitar', 'Bass Drum', 'Melody', 'Bass', 'Chords', 'Snare Drum', 'Hi Hat', 'Sax', 'Claps', 'Background Vocals']","[0.282, 0.949, -0.061, 0.018, 0.078, -0.222, 0.933, 0.104, 0.654, -0.035, 0.055, -0.031, -0.137, -0.681, 0.334, 0.46]",['Sax']
37,pop_audio16,iteration1,"['Reverse Cymbal', 'Tambourine', 'Whistle', 'Sea Shore', 'Open Hi Hat', 'Crash Cymbal', 'Strings', 'Overdriven Guitar', 'Bass Drum', 'Melody', 'Bass', 'Splash Cymbal', 'Chords', 'Snare Drum', 'Hi Hat', 'Claps', 'Background Vocals']","[0.022918042063566915, 0.0, 0.2631645131880914, 0.04335251029582823, 0.2559024175547801, 0.0969851299946556, 0.004998585306045459, 0.01339243610298972, 0.11911723097236632, 0.42802351535728883, 0.29887767612939736, 0.0006601905121192116, 0.42594863089062845, 0.27080386054261374, 0.0891571567795278, 0.0026407620484768463, 0.1250589455814392]",['Strings']
38,pop_audio16,iteration2,"['Reverse Cymbal', 'Tambourine', 'Whistle', 'Sea Shore', 'Open Hi Hat', 'Crash Cymbal', 'Overdriven Guitar', 'Bass Drum', 'Melody', 'Bass', 'Splash Cymbal', 'Chords', 'Snare Drum', 'Hi Hat', 'Claps', 'Background Vocals']","[0.022896447752756052, 0.0, 0.2629165488865856, 0.043311661798423315, 0.25566129589497155, 0.09456955306385251, 0.013379817205314237, 0.11906780991865322, 0.4312007286661013, 0.2985960614340903, 0.0006595684537830962, 0.42642670938157606, 0.2708313703319828, 0.09036087816828418, 0.0026382738151323848, 0.12494110995948365]",['Hi Hat']
39,pop_audio16,iteration3,"['Reverse Cymbal', 'Tambourine', 'Whistle', 'Sea Shore', 'Open Hi Hat', 'Crash Cymbal', 'Overdriven Guitar', 'Bass Drum', 'Melody', 'Bass', 'Splash Cymbal', 'Chords', 'Snare Drum', 'Claps', 'Background Vocals']","[0.02130388967792184, 0.0, 0.37962156961561366, 0.06317863196957896, 0.2836395290236863, 0.09941815183030192, 0.0069638521097723, 0.1153158931598479, 0.3585925688367618, 0.3407706052137261, 0.0, 0.41402849681587023, 0.2747056398039126, 0.0036651853209327895, 0.16800293214825673]",['Claps']
40,pop_audio17,initial iteration,"['SynthBass G-040', 'Toms', 'More Birds G-124', 'Sweep G-96', 'Vocal G-092', 'Bass Drum', 'Dist Gtr G-31', 'Analog Pad G-051', 'Overdrive Gtr G-30', 'Mute Gtr G-029', 'Overdrive G-030', 'The Birds G-124', 'Snare', 'Crash Drums GM-129']","[0.96, 0.057, -0.481, -0.005, -0.341, 0.003, -0.06, 0.394, 0.738, 0.463, 0.163, 0.145, -0.024, 0.035]",['More Birds G-124']
41,pop_audio17,iteration1,"['SynthBass G-040', 'Toms', 'Sweep G-96', 'Vocal G-092', 'Bass Drum', 'Dist Gtr G-31', 'Analog Pad G-051', 'Overdrive Gtr G-30', 'Mute Gtr G-029', 'Overdrive G-030', 'The Birds G-124', 'Snare', 'Crash Drums GM-129', 'Hi Hat']","[0.25945409857272217, 0.01880039670561856, 0.032167651244017076, 0.4136518476995386, 0.09600707170885257, 0.13343538441636843, 0.4064076581432452, 0.3623819585183908, 0.07173041266008365, 0.1455090336768574, 0.0037298952179724894, 0.2658358846104092, 0.02602302617394679, 0.0]",['Vocal G-092']
42,pop_audio17,iteration2,"['SynthBass G-040', 'Toms', 'Sweep G-96', 'Bass Drum', 'Dist Gtr G-31', 'Analog Pad G-051', 'Overdrive Gtr G-30', 'Mute Gtr G-029', 'Overdrive G-030', 'The Birds G-124', 'Snare', 'Crash Drums GM-129', 'Hi Hat']","[0.3005941522906134, 0.02363579506957836, 0.045343201125762234, 0.10082347422734143, 0.16156772814926773, 0.4299265127430031, 0.3150831292020639, 0.07875123781727211, 0.16714442070151664, 0.0045082608015844065, 0.2548600614999739, 0.03377286704539532, 0.0]",['Dist Gtr G-31']
43,pop_audio17,iteration3,"['SynthBass G-040', 'Toms', 'Sweep G-96', 'Bass Drum', 'Analog Pad G-051', 'Overdrive Gtr G-30', 'Mute Gtr G-029', 'Overdrive G-030', 'The Birds G-124', 'Snare', 'Crash Drums GM-129', 'Hi Hat']","[0.3122638999733972, 0.02415536046820963, 0.03969140728917265, 0.10329874966746475, 0.42508645916467147, 0.32011173184357544, 0.08278797552540569, 0.1707368981111998, 0.004602287842511306, 0.249561053471668, 0.03085927108273477, 0.0]",['Snare']
44,pop_audio13,initial iteration,"['Drums', 'Piano', 'Choir', 'Melody', 'Bass', 'Guitar', 'Saxophone']","[0.058, 0.259, 0.144, 0.652, 0.043, -0.236, 0.417]",['Guitar']
45,pop_audio13,iteration1,"['Drums', 'Piano', 'Choir', 'Melody', 'Bass', 'Saxophone']","[0.15406456497797358, 0.5905664922907489, 0.05026500550660793, 0.7449580121145375, 0.5459285517621145, 0.30351734581497797]",['Bass']
46,pop_audio13,iteration2,"['Drums', 'Piano', 'Choir', 'Melody', 'Saxophone']","[0.15853698379508624, 0.5963146889702039, 0.05545935703084161, 0.7626927600627287, 0.299349843178254]",['Choir']
47,pop_audio13,iteration3,"['Drums', 'Piano', 'Melody', 'Saxophone']","[0.15650943557048125, 0.5906820545166295, 0.7879852031162101, 0.3096946864185745]",['Drums']
48,pop_audio12,initial iteration,"['Drums', 'Piano', 'Rock Organ', 'SynthBrass 1', 'Bass', 'VOICE', 'LEAD', 'Electric Piano1']","[0.083, 0.051, -0.188, 0.283, -0.011, 0.967, 0.935, 0.019]",['Rock Organ']
49,pop_audio12,iteration1,"['Drums', 'Piano', 'SynthBrass 1', 'Bass', 'VOICE', 'LEAD', 'Electric Piano1']","[0.18725671821985387, 0.4001998293124623, 0.0470847817489228, 0.4246164734289461, 0.20507483191440645, 0.8001915030911096, 0.25817530859057886]",['Bass']
50,pop_audio12,iteration2,"['Drums', 'Piano', 'SynthBrass 1', 'VOICE', 'LEAD', 'Electric Piano1']","[0.18019984166720157, 0.40385561760489547, 0.04837708881614139, 0.21293621755782358, 0.8230523995977491, 0.25878854012880587]",['Electric Piano1']
51,pop_audio12,iteration3,"['Drums', 'Piano', 'SynthBrass 1', 'VOICE', 'LEAD']","[0.18192310158370556, 0.402103058411165, 0.048558421851289835, 0.21212250742695932, 0.821603368313065]",['Piano']
52,pop_audio38,initial iteration,"['Drums', 'Piano', 'Bells', 'Pizacatto', 'Bells Delay', 'Strings', 'Melody', 'Bass']","[0.251, -0.135, -0.348, 0.358, -0.33, 0.255, 0.986, 0.232]",['Bells']
53,pop_audio38,iteration1,"['Drums', 'Piano', 'Pizacatto', 'Bells Delay', 'Strings', 'Melody', 'Bass']","[0.1721529745042493, 0.5338526912181303, 0.07456090651558074, 0.003371104815864023, 0.5179036827195468, 0.646600566572238, 0.3548158640226629]",['Piano']
54,pop_audio38,iteration2,"['Drums', 'Pizacatto', 'Bells Delay', 'Strings', 'Melody', 'Bass']","[0.1778094305469005, 0.07596664589453693, 0.003264191815780884, 0.5181459390486365, 0.6824534852666251, 0.3399210659070002]",['Bells Delay']
55,pop_audio38,iteration3,"['Drums', 'Pizacatto', 'Strings', 'Melody', 'Bass']","[0.17958400767248098, 0.0764251033986693, 0.5231373254210874, 0.6891446382545106, 0.3337229515075226]",['Pizacatto']
56,pop_audio10,initial iteration,"['Picked Bass', 'FX 2', 'FX 1', 'Drumset', 'Piano Bass', 'Lead Piano', 'Brass Section', 'Voice Choir', 'Young Thug', 'Camila Cabello', 'Choir Strings', 'Trumpet']","[0.382, -0.263, 0.08, -0.116, 0.507, 0.248, 0.115, -0.358, 0.288, 0.66, 0.658, 0.959]",['Voice Choir']
57,pop_audio10,iteration1,"['Picked Bass', 'FX 2', 'FX 1', 'Drumset', 'Piano Bass', 'Lead Piano', 'Brass Section', 'Young Thug', 'Camila Cabello', 'Choir Strings', 'Trumpet']","[0.4248765750497384, 0.03864858890280746, 0.0513595166163142, 0.22835457961830374, 0.3992705032790509, 0.4505563333578955, 0.00615282587871196, 0.12058801856900744, 0.2803772750718444, 0.08602903249576302, 0.1096455677547712]",['FX 2']
58,pop_audio10,iteration2,"['Picked Bass', 'FX 1', 'Drumset', 'Piano Bass', 'Lead Piano', 'Brass Section', 'Young Thug', 'Camila Cabello', 'Choir Strings', 'Trumpet']","[0.4257893183830038, 0.05001475361463559, 0.22864414281498968, 0.3980156388315137, 0.4519769843611685, 0.0061596341103570375, 0.1207583357922691, 0.27884331661257006, 0.08597668928887578, 0.10987754499852463]",['Drumset']
59,pop_audio10,iteration3,"['Picked Bass', 'FX 1', 'Piano Bass', 'Lead Piano', 'Brass Section', 'Young Thug', 'Camila Cabello', 'Choir Strings', 'Trumpet']","[0.4472016708556055, 0.04994867074940706, 0.3999787603100995, 0.43523664554497504, 0.010690643916598817, 0.11193316577577968, 0.2848950405324082, 0.085879146164466, 0.10333109136606605]",['FX 1']
60,pop_audio11,initial iteration,"['Drums', 'Piano', 'Distorted Guitar', 'Harmony Voice', 'Bass Guitar', 'Low Background Vox ', 'High Rhythm Melody', 'Strings', '2nd Lead Vox', 'Low Rhythm Melody ', '2nd Rhythm Melody', 'High Background Vox', 'Lead Guitar', 'Rhythm Guitar', 'Lead Vox']","[-0.073, 0.471, -0.106, 0.146, 0.373, 0.066, -0.034, 0.317, 0.619, 0.018, 0.426, -0.084, -0.099, -0.286, 0.673]",['Rhythm Guitar']
61,pop_audio11,iteration1,"['Drums', 'Piano', 'Distorted Guitar', 'Harmony Voice', 'Bass Guitar', 'Low Background Vox ', 'High Rhythm Melody', 'Strings', '2nd Lead Vox', 'Low Rhythm Melody ', '2nd Rhythm Melody', 'High Background Vox', 'Lead Guitar', 'Lead Vox']","[0.21509751374190647, 0.12210246278437432, 0.2825453336202344, 0.15921050057706226, 0.22378278985152872, 0.08213845582050429, 0.08800688562430313, 0.3409753330333914, 0.3520471039298918, 0.2635707439212848, 0.14377653019307135, 0.09444259697580251, 0.15222706911054165, 0.4269282682263649]",['High Background Vox']
62,pop_audio11,iteration2,"['Drums', 'Piano', 'Distorted Guitar', 'Harmony Voice', 'Bass Guitar', 'Low Background Vox ', 'High Rhythm Melody', 'Strings', '2nd Lead Vox', 'Low Rhythm Melody ', '2nd Rhythm Melody', 'Lead Guitar', 'Lead Vox']","[0.21953785683090482, 0.12413149640687657, 0.28685432961448365, 0.16107515781951007, 0.22458014054869577, 0.07454242267836582, 0.08859729225394053, 0.3489300035732719, 0.3575852622384563, 0.26418390439512446, 0.1363997300194545, 0.14979949974193035, 0.4363957597173145]",['Drums']
63,pop_audio11,iteration3,"['Piano', 'Distorted Guitar', 'Harmony Voice', 'Bass Guitar', 'Low Background Vox ', 'High Rhythm Melody', 'Strings', '2nd Lead Vox', 'Low Rhythm Melody ', '2nd Rhythm Melody', 'Lead Guitar', 'Lead Vox']","[0.12225662059038117, 0.28795377910989295, 0.15997870368544553, 0.22382820972926074, 0.07104687161082957, 0.08800504801530179, 0.34774121034054384, 0.35296669493029403, 0.26604618145248754, 0.1439473113402875, 0.1440459053891507, 0.4368899493226589]",['Distorted Guitar']
64,pop_audio34,initial iteration,"['Drums', 'extra', 'Synth', 'Choir', 'Guitar Lead 2', 'Strings', 'Guitar Lead 1', 'Melody', 'Bass', 'Slow Strings']","[0.347, 0.629, 0.352, 0.696, 0.089, 0.517, -0.216, 0.605, 0.37, -0.051]",['Guitar Lead 1']
65,pop_audio34,iteration1,"['Drums', 'extra', 'Synth', 'Choir', 'Guitar Lead 2', 'Strings', 'Flute 1', 'Melody', 'Bass', 'Slow Strings', 'Picolo']","[0.04859461237618334, 0.5938265287473957, 0.2976534230052268, 0.26417266712964654, 0.042709894367484194, 0.33868196937022554, 0.0, 0.49978069373880624, 0.561277824481889, 0.0, 0.0]",['Guitar Lead 2']
66,pop_audio34,iteration2,"['Drums', 'extra', 'Synth', 'Choir', 'Strings', 'Flute 1', 'Melody', 'Bass', 'Slow Strings', 'Picolo']","[0.049295260352004676, 0.5848061053092821, 0.3028919886073176, 0.2728036222887607, 0.33834806105309284, 0.0, 0.49883151975461915, 0.5553384941210837, 0.0035054407361425548, 0.0]",['Slow Strings']
67,pop_audio34,iteration3,"['Drums', 'extra', 'Synth', 'Choir', 'Strings', 'Flute 1', 'Melody', 'Bass', 'Picolo']","[0.04841331412316672, 0.5917470168827811, 0.29321363921829396, 0.26135062248328345, 0.34236580590343196, 0.0, 0.5050057261073553, 0.5647604270567809, 0.0]",['Bass']
68,pop_audio23,initial iteration,"['Drums', 'Piano', 'Flute', 'Melody', 'Bass', 'Guitar']","[-0.031, 0.758, 0.443, -0.16, -0.297, 0.525]",['Bass']
69,pop_audio23,iteration1,"['Drums', 'Piano', 'Flute', 'Melody', 'Guitar']","[0.08034718349135526, 0.5353806469604016, 0.4949804796430563, 0.5580382041271612, 0.48124651422197434]",['Drums']
70,pop_audio23,iteration2,"['Piano', 'Flute', 'Melody', 'Guitar']","[0.5530749497330653, 0.4808292310892325, 0.5776537474866532, 0.5036400194134368]",['Melody']
71,pop_audio23,iteration3,"['Piano', 'Flute', 'Guitar']","[0.6151331719128329, 0.6017756255044391, 0.4681598062953995]",['Guitar']
72,pop_audio36,initial iteration,"['drums', 'vocals 2', 'strings', 'vocals 1', 'bass', 'orchestra 1']","[-0.117, 0.53, 0.499, 0.665, 0.4, 0.008]",['drums']
73,pop_audio36,iteration1,"['vocals 2', 'strings', 'vocals 1', 'bass', 'orchestra 1']","[0.4581307657646975, 0.28733369696682237, 0.4994901226077264, 0.6033153888111557, 0.5131500936751489]",['orchestra 1']
74,pop_audio36,iteration2,"['vocals 2', 'strings', 'vocals 1', 'bass']","[0.5021992238033636, 0.30986710572739035, 0.5058214747736093, 0.6226743502293308]",['bass']
75,pop_audio36,iteration3,"['vocals 2', 'strings', 'vocals 1']","[0.4954603863411346, 0.3344778917654989, 0.5424153693834131]",['strings']
76,pop_audio26,initial iteration,"['Drums', 'Piano', 'Bass2', 'Strings4', 'Melody', 'Strings1', 'Strings3', 'Bass', 'Strings2', 'Guitar']","[0.032, 0.279, 0.209, 0.776, 0.907, 0.412, 0.299, -0.137, 0.767, 0.11]",['Bass']
77,pop_audio26,iteration1,"['Drums', 'Piano', 'Bass2', 'Strings4', 'Melody', 'Strings1', 'Strings3', 'Strings2', 'Guitar']","[0.4564094717111052, 0.4733369037144715, 0.2570865689912398, 0.1301595195287097, 0.7110095252668223, 0.11715313109674458, 0.0949275085115336, 0.534103515550285, 0.21121992272675108]",['Drums']
78,pop_audio26,iteration2,"['Piano', 'Bass2', 'Strings4', 'Melody', 'Strings1', 'Strings3', 'Strings2', 'Guitar']","[0.4740839597275921, 0.260455714089455, 0.13322081133593705, 0.7183482817498479, 0.11432104095931545, 0.09877730457480423, 0.5396345651875257, 0.20542460699075618]",['Guitar']
79,pop_audio26,iteration3,"['Piano', 'Bass2', 'Strings4', 'Melody', 'Strings1', 'Strings3', 'Strings2']","[0.4902270663033606, 0.2701544050862852, 0.12383287920072661, 0.68141689373297, 0.13318801089918256, 0.11520435967302452, 0.5776021798365123]",['Piano']
80,pop_audio27,initial iteration,"['Drums', 'Piano', 'Spring', 'Atmsosphere', 'Melody', 'Bass', 'Guitar']","[0.031, 0.069, 0.31, 0.033, -0.061, 0.235, -0.222]",['Guitar']
81,pop_audio27,iteration1,"['Drums', 'Piano', 'Spring', 'Atmsosphere', 'Melody', 'Bass']","[0.9146212084679558, 0.672614167912427, 0.10317307228625162, 0.062472874572021025, 0.5756377489511502, 0.6667309639774316]",['Atmsosphere']
82,pop_audio27,iteration2,"['Drums', 'Piano', 'Spring', 'Melody', 'Bass']","[0.9162824381412191, 0.6633916716958358, 0.09771876885938444, 0.5852504526252263, 0.6713578756789378]",['Melody']
83,pop_audio27,iteration3,"['Drums', 'Piano', 'Spring', 'Bass']","[0.9172765020302356, 0.6717212268587552, 0.10848569658874538, 0.7308618751577161]",['Spring']
84,pop_audio19,initial iteration,"['Piano', 'Trommer overgang', 'Trommer', 'Synth', 'Melodi', 'Synth 2', 'Synth 1', 'Fyll String', 'Gitar', 'Bass', 'Sang']","[0.101, 0.103, 0.155, 0.382, 0.14, 0.077, 0.538, 0.301, 0.166, -0.042, 0.304]",['Bass']
85,pop_audio19,iteration1,"['Piano', 'Trommer overgang', 'Trommer', 'Synth', 'Melodi', 'Synth 2', 'Synth 1', 'New Midi', 'Fyll String', 'Gitar', 'Sang']","[0.39010607253694013, 0.025452776877113344, 0.2554310065311038, 0.5927787299087498, 0.4170410857381074, 0.26184631062114966, 0.41965815924776506, 0.0, 0.10377970262633748, 0.7342628190282088, 0.32586039186622817]",['Synth 2']
86,pop_audio19,iteration2,"['Piano', 'Trommer overgang', 'Trommer', 'Synth', 'Melodi', 'Synth 1', 'New Midi', 'Fyll String', 'Gitar', 'Sang']","[0.37253560696748345, 0.022768915056311533, 0.25448904307038334, 0.6056238242982435, 0.4559890552854665, 0.4629516527007549, 0.0, 0.11733808907238659, 0.7389148120098697, 0.34219334033664767]",['Trommer overgang']
87,pop_audio19,iteration3,"['Piano', 'Trommer', 'Synth', 'Melodi', 'Synth 1', 'New Midi', 'Fyll String', 'Gitar', 'Sang']","[0.37172018797728607, 0.25139514392010964, 0.6118317994908948, 0.45684844331309965, 0.4581456823967104, 0.0, 0.1107548462894067, 0.7403563736048561, 0.3428627374192285]",['Melodi']
88,pop_audio25,initial iteration,"['vocal 2', 'synth 3', 'synth 2', 'vocal 3', 'vocal 1', 'synth 1', 'bass']","[0.74, 0.352, 0.254, 0.737, -0.174, -0.024, -0.291]",['bass']
89,pop_audio25,iteration1,"['vocal 2', 'synth 3', 'synth 2', 'vocal 3', 'vocal 1', 'synth 1']","[0.3698954033583136, 0.7403518614996193, 0.051296437302128, 0.38223860858413816, 0.5756822826914599, 0.7543381557327776]",['vocal 1']
90,pop_audio25,iteration2,"['vocal 2', 'synth 3', 'synth 2', 'vocal 3', 'synth 1']","[0.3786117568913982, 0.7549817336433079, 0.048115244104948524, 0.3902773165061441, 0.7516605778811026]",['synth 1']
91,pop_audio25,iteration3,"['vocal 2', 'synth 3', 'synth 2', 'vocal 3']","[0.5779488758854328, 0.6761934093008931, 0.07465352633199877, 0.5892824145364952]",['synth 3']
92,pop_audio30,initial iteration,"['Piano   ', 'Guitar  ', 'Drums   ', 'Bass    ', 'Trombone', 'Sax']","[-0.306, -0.05, -0.247, -0.23, 0.595, 0.498]",['Piano   ']
93,pop_audio30,iteration1,"['Strings ', 'Guitar  ', 'Drums   ', 'Bass    ', 'Trombone', 'Sax']","[0.0, 0.920315149097437, 0.1959708786277052, 0.07409993018849108, 0.7781323759183538, 0.15617831853994216]",['Drums   ']
94,pop_audio30,iteration2,"['Strings ', 'Guitar  ', 'Bass    ', 'Trombone', 'Sax']","[0.0, 0.9344551228758604, 0.08403445179741278, 0.7607661866914968, 0.1712946027734362]",['Bass    ']
95,pop_audio30,iteration3,"['Strings ', 'Guitar  ', 'Trombone', 'Sax']","[0.0, 0.9212789415656009, 0.758796660891479, 0.16393132776815247]",['Sax']
96,pop_audio8,initial iteration,"['Piano', 'O', 'Flute', 'Pan Flute', 'Choir', 'Melody', 'String', 'Sting', 'Bass']","[0.031, -0.003, -0.869, 0.129, -0.132, 0.88, -0.898, -0.224, 0.117]",['String']
97,pop_audio8,iteration1,"['Piano', 'Sequenced by ', 'O', 'Flute', 'Pan Flute', 'By Abba', 'Choir', 'New Age', 'My Love My Life', 'Melody', 'Sting', 'Bass']","[0.35810465858328017, 0.0, 0.11978302488832164, 0.017198468410976386, 0.0013082322910019145, 0.0, 0.04231014677728143, 0.0, 0.0, 0.9375558391831526, 0.007338864071474154, 0.3039566049776643]",['Sting']
98,pop_audio8,iteration2,"['Piano', 'Sequenced by ', 'O', 'Flute', 'Pan Flute', 'By Abba', 'Choir', 'New Age', 'My Love My Life', 'Melody', 'Bass']","[0.3639602053915276, 0.0, 0.12259306803594351, 0.026765083440308087, 0.009082156611039794, 0.0, 0.04165596919127086, 0.0, 0.0, 0.9433247753530167, 0.30417201540436456]",['Choir']
99,pop_audio8,iteration3,"['Piano', 'Sequenced by ', 'O', 'Flute', 'Pan Flute', 'By Abba', 'New Age', 'My Love My Life', 'Melody', 'Bass']","[0.36407408596282864, 0.0, 0.12262061438705743, 0.0267710974865984, 0.009084197348569962, 0.0, 0.0, 0.0, 0.943472538760312, 0.30401566462298973]",['Piano']
100,pop_audio43,initial iteration,"['Drums', 'Piano', 'Intro Chime Synth', 'Strings', 'Bass', 'Guitar', 'Crystal Runs', 'Lead Vox']","[-0.229, 0.441, 0.592, 0.435, 0.069, -0.105, -0.277, 0.7]",['Crystal Runs']
101,pop_audio43,iteration1,"['Drums', 'Piano', 'Intro Chime Synth', 'Strings', 'Bass', 'Guitar', 'Lead Vox']","[0.053552631578947366, 0.2049736842105263, 0.2678421052631579, 0.4788421052631579, 0.5208684210526315, 0.7187631578947369, 0.6439736842105264]",['Drums']
102,pop_audio43,iteration2,"['Piano', 'Intro Chime Synth', 'Strings', 'Bass', 'Guitar', 'Lead Vox']","[0.20945511101576747, 0.29043762737316314, 0.4847152204226107, 0.5236780006435696, 0.6934195001608924, 0.6378043548214094]",['Guitar']
103,pop_audio43,iteration3,"['Piano', 'Intro Chime Synth', 'Strings', 'Bass', 'Lead Vox']","[0.21308050779366866, 0.2865445390754727, 0.4833145856767904, 0.5213723284589427, 0.6395361294123949]",['Bass']
104,pop_audio9,initial iteration,"['piano track 7', 'piano track 6', 'piano track 4', 'MADONNA', 'piano track 5', 'Sequenciada Por:', 'piano track 1', 'fabriciaviana@zipmai', 'piano track 2', 'piano track 3', 'piano track 12', 'Fabrícia Viana', 'piano track 10', 'piano track 11', '(085) 232 5206', 'Beautiful Stranger', 'e-mail:', 'piano track 8', 'piano track 9', 'l.com.br']","[-0.057, 0.103, 0.222, -0.193, 0.004, -0.155, 0.068, 0.38, 0.08, 0.167, 0.811, 0.523, -0.697, 0.684, 0.39, 0.225, -0.127, 0.055, 0.122, 0.416]",['piano track 10']
105,pop_audio9,iteration1,"['piano track 7', 'piano track 6', 'piano track 4', 'MADONNA', 'piano track 5', 'Sequenciada Por:', 'piano track 1', 'fabriciaviana@zipmai', 'piano track 2', 'piano track 3', 'piano track 12', 'Fabrícia Viana', 'piano track 11', '(085) 232 5206', 'Beautiful Stranger', 'e-mail:', 'piano track 8', 'piano track 9', 'l.com.br']","[0.0696577772690855, 0.1643813666018084, 0.18594483232230744, 0.034794551905688455, 0.09300675289000801, 0.2692457365228339, 0.22504292091106787, 0.10266681927435047, 0.0586700240357102, 0.0481858761588646, 0.012796154286368319, 0.04015108160695891, 0.021975506466750602, 0.05150509328144672, 0.051115943687764676, 0.08698637976422113, 0.053542405860135055, 0.16735721643584756, 0.4689252603868605]",['MADONNA']
106,pop_audio9,iteration2,"['piano track 7', 'piano track 6', 'piano track 4', 'piano track 5', 'Sequenciada Por:', 'piano track 1', 'fabriciaviana@zipmai', 'piano track 2', 'piano track 3', 'piano track 12', 'Fabrícia Viana', 'piano track 11', '(085) 232 5206', 'Beautiful Stranger', 'e-mail:', 'piano track 8', 'piano track 9', 'l.com.br']","[0.06740353519691666, 0.1590617108935454, 0.16976033314136357, 0.10054046870154609, 0.29734638727683516, 0.22983210029681478, 0.10324281220927657, 0.05606255260709697, 0.04939529526425376, 0.01238204935099455, 0.027333540069995128, 0.021286492712532672, 0.03707969698312143, 0.03665884020732734, 0.06516634917822177, 0.052186240198467196, 0.15817569662871572, 0.5091923979976077]",['e-mail:']
107,pop_audio9,iteration3,"['piano track 7', 'piano track 6', 'piano track 4', 'piano track 5', 'Sequenciada Por:', 'piano track 1', 'fabriciaviana@zipmai', 'piano track 2', 'piano track 3', 'piano track 12', 'Fabrícia Viana', 'piano track 11', '(085) 232 5206', 'Beautiful Stranger', 'piano track 8', 'piano track 9', 'l.com.br']","[0.06914966140980776, 0.16318229332363768, 0.15002499659137392, 0.10316774985229286, 0.30550379493705404, 0.23633140935327002, 0.10591737490342226, 0.05499250102258783, 0.048538835613325455, 0.012521019860928056, 0.020451756578648367, 0.0218379311912012, 0.031927464436667725, 0.02706449120574467, 0.05315184293050947, 0.15534245330182248, 0.5307458073899014]",['piano track 5']
108,pop_audio40,initial iteration,"['Guitar3', 'Drums', 'Piano', 'Guitar2', 'Guitar1', 'Strings', 'Piano2', 'Melody', 'Bass', 'Slap Bass']","[0.168, -0.163, 0.519, -0.011, -0.068, -0.283, 0.548, 0.24, 0.202, -0.084]",['Strings']
109,pop_audio40,iteration1,"['Guitar3', 'Drums', 'Piano', 'Guitar2', 'Guitar1', 'Choir', 'Piano2', 'Melody', 'Bass', 'Slap Bass']","[0.04056583655190389, 0.25822808805061254, 0.7505390612041798, 0.7845650783119683, 0.5705281615051063, 0.0, 0.7525768310309694, 0.7350662275193707, 0.6447408951970239, 0.04063692154586167]",['Slap Bass']
110,pop_audio40,iteration2,"['Guitar3', 'Drums', 'Piano', 'Guitar2', 'Guitar1', 'Choir', 'Piano2', 'Melody', 'Bass']","[0.034183423246689555, 0.2590975968612065, 0.7756007846983816, 0.8081657675331044, 0.5867827366356057, 0.0, 0.7638548307994115, 0.7553948013732221, 0.6539970573810692]",['Drums']
111,pop_audio40,iteration3,"['Guitar3', 'Piano', 'Guitar2', 'Guitar1', 'Choir', 'Piano2', 'Melody', 'Bass']","[0.027887967303762473, 0.7621348719798052, 0.7923067676403414, 0.5753816564490924, 0.0, 0.7568938574347879, 0.7338622430580599, 0.6601274191609569]",['Guitar1']
112,pop_audio45,initial iteration,"['reverse cymbal', 'Piano', 'Background Voices', 'Guitar2', 'Percussion2', 'pads', 'Aaron', 'Calliope leads', 'Bass', 'Cello', 'Guitar', 'Aaron2']","[0.2, 0.526, 0.269, 0.271, 0.142, -0.141, -0.009, 0.114, -0.192, 0.053, 0.24, -0.218]",['Aaron2']
113,pop_audio45,iteration1,"['reverse cymbal', 'Piano', 'Background Voices', 'Guitar2', 'Percussion2', 'pads', 'piano track 0', 'Aaron', 'Calliope leads', 'Percussion', 'Bass', 'Cello', 'Guitar']","[0.00019983347210657785, 0.5719233971690258, 0.07620316402997503, 0.40712739383846797, 0.07780183180682765, 0.7329891756869276, 0.0, 0.648526228143214, 0.06551207327227311, 0.0, 0.13139050791007495, 0.30870940882597836, 0.5246627810158202]",['Bass']
114,pop_audio45,iteration2,"['reverse cymbal', 'Piano', 'Background Voices', 'Guitar2', 'Percussion2', 'pads', 'piano track 0', 'Aaron', 'Calliope leads', 'Percussion', 'Cello', 'Guitar']","[0.0002686366689053056, 0.5834452652787105, 0.07766957689724648, 0.4095366017461384, 0.0671591672263264, 0.7256548018804567, 0.0, 0.6529214237743451, 0.06618535930154466, 0.0, 0.30698455339153796, 0.5348220282068502]",['pads']
115,pop_audio45,iteration3,"['reverse cymbal', 'Piano', 'Background Voices', 'Guitar2', 'Percussion2', 'piano track 0', 'Aaron', 'Calliope leads', 'Percussion', 'Cello', 'Guitar']","[0.0002697508176821661, 0.5766598105000506, 0.07677782648278653, 0.4102235559901541, 0.07084330849377887, 0.0, 0.6517179755201133, 0.0664261388542334, 0.0, 0.3040428903800115, 0.5331287722965911]",['Aaron']
116,pop_audio46,initial iteration,"['Organ', '12 String', '6 String', 'Syn Vox', 'Chips', 'Brass', 'Strings', 'Melody', 'Bass', 'Kick', 'Solo Organ']","[-0.068, 0.153, -0.032, -0.005, -0.201, 0.402, 0.309, 0.488, 0.115, -0.067, 0.139]",['Chips']
117,pop_audio46,iteration1,"['Organ', '12 String', '6 String', 'Syn Vox', 'Brass', 'Strings', 'Melody', 'Bass', 'Kick', 'Solo Organ']","[0.35912839833010896, 0.5140345518107456, 0.6189118555476361, 0.470759936191155, 0.6339476631707566, 0.7730713097783661, 0.27400468384074944, 0.41146522757356685, 0.3579744085802532, 0.07212435936598445]",['6 String']
118,pop_audio46,iteration2,"['Organ', '12 String', 'Syn Vox', 'Brass', 'Strings', 'Melody', 'Bass', 'Kick', 'Solo Organ']","[0.3611053180396246, 0.5106708376781369, 0.483733055265902, 0.6465067778936392, 0.7778588807785888, 0.26746611053180397, 0.4022245394508168, 0.3597149808828641, 0.06795272853667014]",['Kick']
119,pop_audio46,iteration3,"['Organ', '12 String', 'Syn Vox', 'Brass', 'Strings', 'Melody', 'Bass', 'Solo Organ']","[0.3505790398336381, 0.5287010146642286, 0.4901222616614679, 0.6561973396436126, 0.7754472768993582, 0.3123229715678893, 0.3771108959879531, 0.06310279301566814]",['Organ']
