,Audio file name,Iterations,Tracks,Correlations,Tracks removed
0,sin2,initial iteration,"['piano track 7', 'piano track 6', 'piano track 4', 'piano track 5', 'piano track 1', 'piano track 2', 'piano track 3', 'piano track 8']","[0.918, -0.808, -0.032, 0.023, 0.793, 0.103, -0.211, 0.282]",['piano track 7']
1,sin2,iteration1,"['piano track 6', 'piano track 4', 'piano track 5', 'piano track 1', 'piano track 2', 'piano track 3', 'piano track 8']","[-0.808, -0.031, 0.019, 0.839, 0.012, -0.21, 0.991]",['piano track 8']
2,sin2,iteration2,"['piano track 6', 'piano track 4', 'piano track 5', 'piano track 1', 'piano track 2', 'piano track 3']","[-0.808, -0.031, 0.02, 0.84, 0.004, -0.21]",['piano track 1']
3,sin2,iteration3,"['piano track 6', 'piano track 4', 'piano track 5', 'piano track 2', 'piano track 3']","[0.241, -0.019, 0.341, 0.754, -0.156]",['piano track 2']
4,06christ,initial iteration,"['piano track 4', 'piano track 1', 'piano track 2', 'piano track 3']","[-0.03, -0.125, -0.055, -0.19]",[None]
5,06christ,iteration1,"['piano track 4', 'piano track 1', 'piano track 2', 'piano track 3']","[-0.03, -0.125, -0.055, -0.19]",[None]
6,06christ,iteration2,"['piano track 4', 'piano track 1', 'piano track 2', 'piano track 3']","[-0.03, -0.125, -0.055, -0.19]",[None]
7,06christ,iteration3,"['piano track 4', 'piano track 1', 'piano track 2', 'piano track 3']","[-0.03, -0.125, -0.055, -0.19]",[None]
8,prefug8,initial iteration,"['Right Hand', 'Left Hand', 'Pedal']","[0.125, 0.002, 0.238]",['Pedal']
9,prefug8,iteration1,"['Right Hand', 'Left Hand']","[0.158, 0.008]",['Right Hand']
10,prefug8,iteration2,['Left Hand'],[1.0],['Left Hand']
11,prefug8,iteration3,[],[],[None]
12,03achgot,initial iteration,"['piano track 4', 'piano track 1', 'piano track 2', 'piano track 3']","[0.275, 0.117, 0.27, -0.323]",['piano track 4']
13,03achgot,iteration1,"['piano track 1', 'piano track 2', 'piano track 3']","[0.125, -0.181, 0.263]",['piano track 3']
14,03achgot,iteration2,"['piano track 1', 'piano track 2']","[0.468, 0.516]",['piano track 2']
15,03achgot,iteration3,['piano track 1'],[1.0],['piano track 1']
16,12puerna,initial iteration,"['piano track 4', 'piano track 1', 'piano track 2', 'piano track 3']","[-0.157, -0.201, 0.282, 0.315]",['piano track 3']
17,12puerna,iteration1,"['piano track 4', 'piano track 1', 'piano track 2']","[0.132, 0.489, 0.736]",['piano track 2']
18,12puerna,iteration2,"['piano track 4', 'piano track 1']","[0.465, 0.798]",['piano track 1']
19,12puerna,iteration3,['piano track 4'],[1.0],['piano track 4']
20,10austie,initial iteration,"['piano track 4', 'piano track 1', 'piano track 2', 'piano track 3']","[-0.588, -0.21, 0.065, 0.065]",['piano track 2']
21,10austie,iteration1,"['piano track 4', 'piano track 1', 'piano track 3']","[-0.505, -0.289, -0.043]",[None]
22,10austie,iteration2,"['piano track 4', 'piano track 1', 'piano track 3']","[-0.505, -0.289, -0.043]",[None]
23,10austie,iteration3,"['piano track 4', 'piano track 1', 'piano track 3']","[-0.505, -0.289, -0.043]",[None]
24,sar1,initial iteration,"['piano track 6', 'piano track 4', 'piano track 5', 'piano track 1', 'piano track 2', 'piano track 3']","[0.627, 0.107, 0.839, 0.774, 0.261, 0.141]",['piano track 5']
25,sar1,iteration1,"['piano track 6', 'piano track 4', 'piano track 1', 'piano track 2', 'piano track 3']","[0.501, 0.067, 0.669, 0.04, 0.144]",['piano track 1']
26,sar1,iteration2,"['piano track 6', 'piano track 4', 'piano track 2', 'piano track 3']","[0.745, 0.079, 0.433, 0.386]",['piano track 6']
27,sar1,iteration3,"['piano track 4', 'piano track 2', 'piano track 3']","[0.098, 0.502, 0.6]",['piano track 3']
28,15christ,initial iteration,"['piano track 4', 'piano track 1', 'piano track 2', 'piano track 3']","[0.039, -0.016, 0.067, -0.0]",['piano track 2']
29,15christ,iteration1,"['piano track 4', 'piano track 1', 'piano track 3']","[0.041, -0.081, 0.201]",['piano track 3']
30,15christ,iteration2,"['piano track 4', 'piano track 1']","[0.67, 1.0]",['piano track 1']
31,15christ,iteration3,['piano track 4'],[1.0],['piano track 4']
32,11jesu,initial iteration,"['piano track 4', 'piano track 1', 'piano track 2', 'piano track 3']","[-0.034, -0.013, 0.218, -0.003]",['piano track 2']
33,11jesu,iteration1,"['piano track 4', 'piano track 1', 'piano track 3']","[0.37, -0.032, 0.206]",['piano track 4']
34,11jesu,iteration2,"['piano track 1', 'piano track 3']","[0.12, -0.027]",['piano track 1']
35,11jesu,iteration3,['piano track 3'],[1.0],['piano track 3']
36,01ausmei,initial iteration,"['piano track 4', 'piano track 1', 'piano track 2', 'piano track 3']","[-0.357, 0.245, 0.321, 0.076]",['piano track 2']
37,01ausmei,iteration1,"['piano track 4', 'piano track 1', 'piano track 3']","[-0.369, 0.012, 0.186]",['piano track 3']
38,01ausmei,iteration2,"['piano track 4', 'piano track 1']","[-0.643, 0.55]",['piano track 1']
39,01ausmei,iteration3,['piano track 4'],[1.0],['piano track 4']
40,09ermunt,initial iteration,"['piano track 4', 'piano track 1', 'piano track 2', 'piano track 3']","[-0.018, 0.182, -0.182, 0.286]",['piano track 3']
41,09ermunt,iteration1,"['piano track 4', 'piano track 1', 'piano track 2']","[-0.081, -0.069, -0.094]",[None]
42,09ermunt,iteration2,"['piano track 4', 'piano track 1', 'piano track 2']","[-0.081, -0.069, -0.094]",[None]
43,09ermunt,iteration3,"['piano track 4', 'piano track 1', 'piano track 2']","[-0.081, -0.069, -0.094]",[None]
44,catech5,initial iteration,"['Recorder', 'Electric Bass(finger)', 'Ocarina', 'English Horn']","[0.809, 0.269, 0.415, 0.831]",['English Horn']
45,catech5,iteration1,"['Recorder', 'Electric Bass(finger)', 'Ocarina']","[0.403, 0.181, 0.415]",['Ocarina']
46,catech5,iteration2,"['Recorder', 'Electric Bass(finger)']","[0.497, 0.128]",['Recorder']
47,catech5,iteration3,['Electric Bass(finger)'],[1.0],['Electric Bass(finger)']
48,13allein,initial iteration,"['piano track 4', 'piano track 1', 'piano track 2', 'piano track 3']","[-0.092, -0.153, -0.375, 0.002]",['piano track 3']
49,13allein,iteration1,"['piano track 4', 'piano track 1', 'piano track 2']","[0.086, -0.192, 0.201]",['piano track 2']
50,13allein,iteration2,"['piano track 4', 'piano track 1']","[-0.097, 0.365]",['piano track 1']
51,13allein,iteration3,['piano track 4'],[1.0],['piano track 4']
52,catech4,initial iteration,"['Viola', 'Violin', 'Cello', 'Contrabass']","[0.523, 0.948, 0.284, 0.057]",['Violin']
53,catech4,iteration1,"['Viola', 'Cello', 'Contrabass']","[0.824, 0.409, 0.203]",['Viola']
54,catech4,iteration2,"['Cello', 'Contrabass']","[0.605, -0.42]",['Cello']
55,catech4,iteration3,['Contrabass'],[1.0],['Contrabass']
56,cou2,initial iteration,"['piano track 4', 'piano track 5', 'piano track 1', 'piano track 2', 'piano track 3']","[-0.037, 0.012, 0.305, 0.679, 0.636]",['piano track 2']
57,cou2,iteration1,"['piano track 4', 'piano track 5', 'piano track 1', 'piano track 3']","[-0.151, 0.018, 0.477, 0.514]",['piano track 3']
58,cou2,iteration2,"['piano track 4', 'piano track 5', 'piano track 1']","[-0.187, -0.004, 0.475]",['piano track 1']
59,cou2,iteration3,"['piano track 4', 'piano track 5']","[0.652, 0.971]",['piano track 5']
60,catech6,initial iteration,"['Lead 2(Sawtooth)', 'Lead 3(calliope)', 'Oboe', 'Contrabass']","[0.451, -0.016, 1.0, 0.387]",['Oboe']
61,catech6,iteration1,"['Lead 2(Sawtooth)', 'Lead 3(calliope)', 'Contrabass']","[0.188, 0.181, 0.011]",['Lead 2(Sawtooth)']
62,catech6,iteration2,"['Lead 3(calliope)', 'Contrabass']","[0.375, 0.304]",['Lead 3(calliope)']
63,catech6,iteration3,['Contrabass'],[1.0],['Contrabass']
64,08freuet,initial iteration,"['piano track 4', 'piano track 1', 'piano track 2', 'piano track 3']","[-0.22, -0.411, -0.434, -0.103]",[None]
65,08freuet,iteration1,"['piano track 4', 'piano track 1', 'piano track 2', 'piano track 3']","[-0.22, -0.411, -0.434, -0.103]",[None]
66,08freuet,iteration2,"['piano track 4', 'piano track 1', 'piano track 2', 'piano track 3']","[-0.22, -0.411, -0.434, -0.103]",[None]
67,08freuet,iteration3,"['piano track 4', 'piano track 1', 'piano track 2', 'piano track 3']","[-0.22, -0.411, -0.434, -0.103]",[None]
68,schub5,initial iteration,"['Clarinet', 'Hammond Organ', 'Pad 1(new age)', 'Music Box']","[0.344, 0.024, 0.265, 0.014]",['Clarinet']
69,schub5,iteration1,"['Hammond Organ', 'Pad 1(new age)', 'Music Box']","[0.074, 0.999, -0.078]",['Pad 1(new age)']
70,schub5,iteration2,"['Hammond Organ', 'Music Box']","[0.053, 0.109]",['Music Box']
71,schub5,iteration3,['Hammond Organ'],[1.0],['Hammond Organ']
72,gig1,initial iteration,"['piano track 4', 'piano track 5', 'piano track 1', 'piano track 2', 'piano track 3']","[0.451, 0.629, 0.326, 0.65, 0.42]",['piano track 2']
73,gig1,iteration1,"['piano track 4', 'piano track 5', 'piano track 1', 'piano track 3']","[0.457, 0.478, 0.419, 0.727]",['piano track 3']
74,gig1,iteration2,"['piano track 4', 'piano track 5', 'piano track 1']","[0.635, 0.586, 0.583]",['piano track 4']
75,gig1,iteration3,"['piano track 5', 'piano track 1']","[0.686, 0.426]",['piano track 5']
76,07nunlob,initial iteration,"['piano track 4', 'piano track 1', 'piano track 2', 'piano track 3']","[-0.165, -0.022, 0.207, 0.228]",['piano track 3']
77,07nunlob,iteration1,"['piano track 4', 'piano track 1', 'piano track 2']","[-0.255, -0.168, 0.448]",['piano track 2']
78,07nunlob,iteration2,"['piano track 4', 'piano track 1']","[-0.125, 0.036]",['piano track 1']
79,07nunlob,iteration3,['piano track 4'],[1.0],['piano track 4']
80,catech2,initial iteration,"['Reed Organ', 'Hammond Organ', 'Viola', 'Lead 2 (Sawtooth)']","[0.167, -0.215, 0.135, 0.139]",['Reed Organ']
81,catech2,iteration1,"['Hammond Organ', 'Viola', 'Lead 2 (Sawtooth)']","[-0.231, 0.216, -0.063]",['Viola']
82,catech2,iteration2,"['Hammond Organ', 'Lead 2 (Sawtooth)']","[-0.27, 0.088]",['Lead 2 (Sawtooth)']
83,catech2,iteration3,['Hammond Organ'],[1.0],['Hammond Organ']
84,men1,initial iteration,"['piano track 4', 'piano track 5', 'piano track 1', 'piano track 2', 'piano track 3']","[0.506, 0.734, -0.06, 0.046, 0.19]",['piano track 5']
85,men1,iteration1,"['piano track 4', 'piano track 1', 'piano track 2', 'piano track 3']","[0.617, 0.083, -0.013, 0.157]",['piano track 4']
86,men1,iteration2,"['piano track 1', 'piano track 2', 'piano track 3']","[0.765, 0.473, 0.235]",['piano track 1']
87,men1,iteration3,"['piano track 2', 'piano track 3']","[0.089, 0.213]",['piano track 3']
88,catech1,initial iteration,"['Clarinet', 'String Ensemble 1', 'Pad 1 (New Age)', 'Brass Section']","[0.032, -0.079, 0.501, 0.756]",['Brass Section']
89,catech1,iteration1,"['Clarinet', 'String Ensemble 1', 'Pad 1 (New Age)']","[0.187, 0.145, 0.582]",['Pad 1 (New Age)']
90,catech1,iteration2,"['Clarinet', 'String Ensemble 1']","[0.733, 0.612]",['Clarinet']
91,catech1,iteration3,['String Ensemble 1'],[1.0],['String Ensemble 1']
92,pre1,initial iteration,"['piano track 4', 'piano track 1', 'piano track 2', 'piano track 3']","[0.541, 1.0, 0.51, 0.323]",['piano track 1']
93,pre1,iteration1,"['piano track 4', 'piano track 2', 'piano track 3']","[0.771, 0.002, 0.094]",['piano track 4']
94,pre1,iteration2,"['piano track 2', 'piano track 3']","[0.444, 0.422]",['piano track 2']
95,pre1,iteration3,['piano track 3'],[1.0],['piano track 3']
96,05anwass,initial iteration,"['piano track 4', 'piano track 1', 'piano track 2', 'piano track 3']","[0.059, -0.166, -0.0, 0.004]",['piano track 4']
97,05anwass,iteration1,"['piano track 1', 'piano track 2', 'piano track 3']","[-0.171, 0.265, 0.235]",['piano track 2']
98,05anwass,iteration2,"['piano track 1', 'piano track 3']","[-0.252, -0.067]",[None]
99,05anwass,iteration3,"['piano track 1', 'piano track 3']","[-0.252, -0.067]",[None]
100,04esistd,initial iteration,"['piano track 4', 'piano track 1', 'piano track 2', 'piano track 3']","[0.103, -0.295, -0.191, -0.344]",['piano track 4']
101,04esistd,iteration1,"['piano track 1', 'piano track 2', 'piano track 3']","[-0.15, 0.132, -0.216]",['piano track 2']
102,04esistd,iteration2,"['piano track 1', 'piano track 3']","[0.56, -0.256]",['piano track 1']
103,04esistd,iteration3,['piano track 3'],[1.0],['piano track 3']
104,14oherre,initial iteration,"['piano track 4', 'piano track 1', 'piano track 2', 'piano track 3']","[0.008, 0.054, -0.109, 0.125]",['piano track 3']
105,14oherre,iteration1,"['piano track 4', 'piano track 1', 'piano track 2']","[0.213, 0.594, 0.64]",['piano track 2']
106,14oherre,iteration2,"['piano track 4', 'piano track 1']","[0.109, 0.823]",['piano track 1']
107,14oherre,iteration3,['piano track 4'],[1.0],['piano track 4']
108,catech10,initial iteration,"['Clarinet', 'Hammond Organ', 'Pad 1(new age)', 'Viola', 'String Ensemble', 'Oboe', 'Contrabass', 'Trombone', 'Trumpet']","[0.193, 0.064, 0.336, 0.796, 0.13, 0.247, 0.09, 0.998, 0.844]",['Trombone']
109,catech10,iteration1,"['Clarinet', 'Hammond Organ', 'Pad 1(new age)', 'Viola', 'String Ensemble', 'Oboe', 'Contrabass', 'Trumpet']","[0.159, 0.017, 0.34, 0.999, 0.092, 0.133, 0.03, 1.0]",['Trumpet']
110,catech10,iteration2,"['Clarinet', 'Hammond Organ', 'Pad 1(new age)', 'Viola', 'String Ensemble', 'Oboe', 'Contrabass']","[0.121, -0.039, 0.424, 1.0, 0.053, 0.134, -0.038]",['Viola']
111,catech10,iteration3,"['Clarinet', 'Hammond Organ', 'Pad 1(new age)', 'String Ensemble', 'Oboe', 'Contrabass']","[0.07, 0.071, 0.298, 0.192, 0.091, 0.115]",['Pad 1(new age)']
112,catech11,initial iteration,"['Lead 2(sawtooth)', 'Lead 5(charang)', 'String Ensemble', 'Brass Section', 'Contrabass', 'Trumpet']","[0.227, 0.384, -0.45, 0.524, -0.419, 0.97]",['Trumpet']
113,catech11,iteration1,"['Lead 2(sawtooth)', 'Lead 5(charang)', 'String Ensemble', 'Brass Section', 'Contrabass']","[0.578, 0.411, -0.653, 0.965, -0.522]",['Brass Section']
114,catech11,iteration2,"['Lead 2(sawtooth)', 'Lead 5(charang)', 'String Ensemble', 'Contrabass']","[0.137, 0.022, -0.24, -0.341]",['Lead 2(sawtooth)']
115,catech11,iteration3,"['Lead 5(charang)', 'String Ensemble', 'Contrabass']","[-0.008, 0.126, -0.018]",['String Ensemble']
116,all2,initial iteration,"['piano track 4', 'piano track 1', 'piano track 2', 'piano track 3']","[0.646, 0.894, 0.189, 0.065]",['piano track 1']
117,all2,iteration1,"['piano track 4', 'piano track 2', 'piano track 3']","[0.377, 0.582, 0.753]",['piano track 3']
118,all2,iteration2,"['piano track 4', 'piano track 2']","[1.0, 0.982]",['piano track 4']
119,all2,iteration3,['piano track 2'],[1.0],['piano track 2']