,Audio file name,Iterations,Tracks,Correlations,Tracks removed
0,sin2,initial iteration,"['piano track 7', 'piano track 6', 'piano track 4', 'piano track 5', 'piano track 1', 'piano track 2', 'piano track 3', 'piano track 8']","[0.861, 0.1, 0.268, 0.003, 0.754, 0.288, 0.338, 0.309]",['piano track 5']
1,sin2,iteration1,"['piano track 7', 'piano track 6', 'piano track 4', 'piano track 1', 'piano track 2', 'piano track 3', 'piano track 8']","[0.3178909776300779, 0.023361936411884332, 0.9418183621844155, 0.5423838103268687, 0.4376767025445166, 0.9215316700560489, 0.22875849412231536]",['piano track 6']
2,sin2,iteration2,"['piano track 7', 'piano track 4', 'piano track 1', 'piano track 2', 'piano track 3', 'piano track 8']","[0.3175602021603409, 0.941482509166584, 0.5427608760281439, 0.4381627192547815, 0.9213655732831236, 0.22852046377960558]",['piano track 4']
3,sin2,iteration3,"['piano track 7', 'piano track 1', 'piano track 2', 'piano track 3', 'piano track 8']","[0.3194755994217636, 0.5419969094262499, 0.4400079756741937, 0.9202931060266188, 0.22984896066995664]",['piano track 8']
4,06christ,initial iteration,"['piano track 4', 'piano track 1', 'piano track 2', 'piano track 3']","[0.062, 0.416, 0.325, 0.332]",['piano track 4']
5,06christ,iteration1,"['piano track 1', 'piano track 2', 'piano track 3']","[0.9071925754060325, 0.8747099767981439, 0.8167053364269141]",['piano track 3']
6,06christ,iteration2,"['piano track 1', 'piano track 2']","[0.8249027237354085, 0.9066147859922179]",['piano track 2']
7,06christ,iteration3,['piano track 1'],[1.0],['piano track 1']
8,prefug8,initial iteration,"['Right Hand', 'Left Hand']","[1.0, 0.899]",['Left Hand']
9,prefug8,iteration1,"['Right Hand', 'Pedal']","[0.5455056179775281, 0.0]",['Right Hand']
10,prefug8,iteration2,['Pedal'],[1],[None]
11,prefug8,iteration3,['Pedal'],[1],[None]
12,03achgot,initial iteration,"['piano track 4', 'piano track 1', 'piano track 2', 'piano track 3']","[0.333, 0.619, 0.303, 0.075]",['piano track 3']
13,03achgot,iteration1,"['piano track 4', 'piano track 1', 'piano track 2']","[0.4652351738241309, 0.7597137014314929, 0.7903885480572597]",['piano track 2']
14,03achgot,iteration2,"['piano track 4', 'piano track 1']","[0.4868421052631579, 0.7677631578947368]",['piano track 4']
15,03achgot,iteration3,['piano track 1'],[1.0],['piano track 1']
16,12puerna,initial iteration,"['piano track 4', 'piano track 1', 'piano track 2', 'piano track 3']","[0.496, 0.104, 0.239, -0.083]",['piano track 3']
17,12puerna,iteration1,"['piano track 4', 'piano track 1', 'piano track 2']","[0.5826558265582655, 0.6612466124661247, 0.9539295392953929]",['piano track 4']
18,12puerna,iteration2,"['piano track 1', 'piano track 2']","[0.8530701754385965, 0.9780701754385965]",['piano track 2']
19,12puerna,iteration3,['piano track 1'],[1.0],['piano track 1']
20,10austie,initial iteration,"['piano track 4', 'piano track 1', 'piano track 2', 'piano track 3']","[0.288, 0.658, 0.789, 0.655]",['piano track 4']
21,10austie,iteration1,"['piano track 1', 'piano track 2', 'piano track 3']","[0.8108465608465608, 0.9021164021164021, 0.9576719576719577]",['piano track 3']
22,10austie,iteration2,"['piano track 1', 'piano track 2']","[0.839831401475237, 0.9631190727081138]",['piano track 2']
23,10austie,iteration3,['piano track 1'],[1.0],['piano track 1']
24,sar1,initial iteration,"['piano track 6', 'piano track 4', 'piano track 5', 'piano track 1', 'piano track 2', 'piano track 3']","[0.655, 0.632, 0.979, 0.791, 0.053, 0.038]",['piano track 3']
25,sar1,iteration1,"['piano track 6', 'piano track 4', 'piano track 5', 'piano track 1', 'piano track 2']","[0.09695676377806643, 0.24373724253108184, 0.6124512896641306, 0.7991278530339581, 0.25514937836333274]",['piano track 2']
26,sar1,iteration2,"['piano track 6', 'piano track 4', 'piano track 5', 'piano track 1']","[0.09065910458021827, 0.2578843344504597, 0.5736873764715992, 0.82864999570336]",['piano track 6']
27,sar1,iteration3,"['piano track 4', 'piano track 5', 'piano track 1']","[0.23085144282151762, 0.5945849661560385, 0.8802992518703242]",['piano track 4']
28,15christ,initial iteration,"['piano track 4', 'piano track 1', 'piano track 2', 'piano track 3']","[0.614, 0.738, 0.716, 0.398]",['piano track 3']
29,15christ,iteration1,"['piano track 4', 'piano track 1', 'piano track 2']","[0.37424547283702214, 0.7867203219315896, 0.795439302481556]",['piano track 4']
30,15christ,iteration2,"['piano track 1', 'piano track 2']","[0.9428571428571428, 0.9119047619047619]",['piano track 2']
31,15christ,iteration3,['piano track 1'],[1.0],['piano track 1']
32,11jesu,initial iteration,"['piano track 4', 'piano track 1', 'piano track 2', 'piano track 3']","[0.207, 0.546, 0.364, 0.357]",['piano track 4']
33,11jesu,iteration1,"['piano track 1', 'piano track 2', 'piano track 3']","[0.7002105263157895, 0.9086315789473685, 0.8661052631578947]",['piano track 3']
34,11jesu,iteration2,"['piano track 1', 'piano track 2']","[0.6742837653478854, 0.9512278308321964]",['piano track 2']
35,11jesu,iteration3,['piano track 1'],[1.0],['piano track 1']
36,01ausmei,initial iteration,"['piano track 4', 'piano track 1', 'piano track 2', 'piano track 3']","[0.222, 0.343, 0.459, 0.335]",['piano track 4']
37,01ausmei,iteration1,"['piano track 1', 'piano track 2', 'piano track 3']","[0.840393343419062, 0.9425113464447806, 0.9720121028744326]",['piano track 3']
38,01ausmei,iteration2,"['piano track 1', 'piano track 2']","[0.8337053571428571, 0.9787946428571429]",['piano track 1']
39,01ausmei,iteration3,['piano track 2'],[1.0],['piano track 2']
40,09ermunt,initial iteration,"['piano track 4', 'piano track 1', 'piano track 2', 'piano track 3']","[0.147, 0.532, 0.424, -0.06]",['piano track 3']
41,09ermunt,iteration1,"['piano track 4', 'piano track 1', 'piano track 2']","[0.5846905537459284, 0.7304560260586319, 0.8713355048859935]",['piano track 2']
42,09ermunt,iteration2,"['piano track 4', 'piano track 1']","[0.7021621621621622, 0.78]",['piano track 4']
43,09ermunt,iteration3,['piano track 1'],[1.0],['piano track 1']
44,catech5,initial iteration,"['Recorder', 'Electric Bass(finger)', 'Ocarina', 'English Horn']","[0.774, -0.476, 0.65, 0.666]",['Electric Bass(finger)']
45,catech5,iteration1,"['Recorder', 'Ocarina', 'English Horn']","[0.9644644644644644, 0.8713713713713713, 0.5820820820820821]",['Ocarina']
46,catech5,iteration2,"['Recorder', 'English Horn']","[0.9582329317269076, 0.5534136546184739]",['English Horn']
47,catech5,iteration3,['Recorder'],[1.0],['Recorder']
48,13allein,initial iteration,"['piano track 4', 'piano track 1', 'piano track 2', 'piano track 3']","[0.07, 0.348, 0.286, -0.098]",['piano track 3']
49,13allein,iteration1,"['piano track 4', 'piano track 1', 'piano track 2']","[0.5300230946882217, 0.7511547344110855, 0.7938799076212472]",['piano track 4']
50,13allein,iteration2,"['piano track 1', 'piano track 2']","[0.8509803921568627, 0.9466666666666667]",['piano track 2']
51,13allein,iteration3,['piano track 1'],[1.0],['piano track 1']
52,catech4,initial iteration,"['Viola', 'Violin', 'Cello', 'Contrabass']","[0.418, 0.772, 0.283, 0.108]",['Contrabass']
53,catech4,iteration1,"['Viola', 'Violin', 'Cello']","[0.9468503937007874, 0.9581692913385826, 0.4409448818897638]",['Cello']
54,catech4,iteration2,"['Viola', 'Violin']","[0.9431403234220136, 0.9582681272822118]",['Viola']
55,catech4,iteration3,['Violin'],[1.0],['Violin']
56,cou2,initial iteration,"['piano track 4', 'piano track 5', 'piano track 1', 'piano track 2', 'piano track 3']","[0.217, 0.159, 0.626, 0.587, 0.431]",['piano track 5']
57,cou2,iteration1,"['piano track 4', 'piano track 1', 'piano track 2', 'piano track 3']","[0.5714857028594281, 0.8707258548290342, 0.5302939412117577, 0.2674465106978604]",['piano track 4']
58,cou2,iteration2,"['piano track 1', 'piano track 2', 'piano track 3']","[0.8893276730180669, 0.5536578141968606, 0.2624148484549314]",['piano track 3']
59,cou2,iteration3,"['piano track 1', 'piano track 2']","[0.9044152858921559, 0.547361363854037]",['piano track 2']
60,catech6,initial iteration,"['Lead 2(Sawtooth)', 'Lead 3(calliope)', 'Oboe', 'Contrabass']","[0.202, -0.014, 0.791, 0.194]",['Lead 3(calliope)']
61,catech6,iteration1,"['Lead 2(Sawtooth)', 'Oboe', 'Contrabass']","[0.8978902953586498, 0.7954992967651195, 0.9122362869198313]",['Contrabass']
62,catech6,iteration2,"['Lead 2(Sawtooth)', 'Oboe']","[0.9196181090237142, 0.857098860486603]",['Lead 2(Sawtooth)']
63,catech6,iteration3,['Oboe'],[1.0],['Oboe']
64,08freuet,initial iteration,"['piano track 4', 'piano track 1', 'piano track 2', 'piano track 3']","[0.342, 0.593, 0.514, 0.167]",['piano track 3']
65,08freuet,iteration1,"['piano track 4', 'piano track 1', 'piano track 2']","[0.5170454545454546, 0.8093434343434344, 0.7916666666666666]",['piano track 4']
66,08freuet,iteration2,"['piano track 1', 'piano track 2']","[0.9750996015936255, 0.8944223107569721]",['piano track 2']
67,08freuet,iteration3,['piano track 1'],[1.0],['piano track 1']
68,schub5,initial iteration,"['Clarinet', 'Hammond Organ', 'Pad 1(new age)', 'Music Box']","[0.543, -0.027, 0.197, 0.355]",['Hammond Organ']
69,schub5,iteration1,"['Clarinet', 'Pad 1(new age)', 'Music Box']","[0.9680949241924852, 0.5819380355965722, 0.12485168094924193]",['Music Box']
70,schub5,iteration2,"['Clarinet', 'Pad 1(new age)']","[0.9808337326305702, 0.5759463344513656]",['Pad 1(new age)']
71,schub5,iteration3,['Clarinet'],[1.0],['Clarinet']
72,gig1,initial iteration,"['piano track 4', 'piano track 5', 'piano track 1', 'piano track 2', 'piano track 3']","[0.812, 0.211, 0.755, 0.157, 0.318]",['piano track 2']
73,gig1,iteration1,"['piano track 4', 'piano track 5', 'piano track 1', 'piano track 3']","[0.3175632710161516, 0.5976090550680402, 0.18555258807071093, 0.7400483276103268]",['piano track 5']
74,gig1,iteration2,"['piano track 4', 'piano track 1', 'piano track 3']","[0.29545187448583854, 0.18298272417440356, 0.8416970266776355]",['piano track 3']
75,gig1,iteration3,"['piano track 4', 'piano track 1']","[0.8380675464101991, 0.6651755759337956]",['piano track 4']
76,07nunlob,initial iteration,"['piano track 4', 'piano track 1', 'piano track 2', 'piano track 3']","[0.187, 0.397, 0.377, 0.186]",['piano track 3']
77,07nunlob,iteration1,"['piano track 4', 'piano track 1', 'piano track 2']","[0.6512073591414335, 0.7431966270601763, 0.8167880413951706]",['piano track 4']
78,07nunlob,iteration2,"['piano track 1', 'piano track 2']","[0.8603791030975497, 0.9801202034211743]",['piano track 2']
79,07nunlob,iteration3,['piano track 1'],[1.0],['piano track 1']
80,catech2,initial iteration,"['Reed Organ', 'Hammond Organ', 'Viola', 'Lead 2 (Sawtooth)']","[0.037, 0.376, 0.28, -0.292]",['Lead 2 (Sawtooth)']
81,catech2,iteration1,"['Reed Organ', 'Hammond Organ', 'Viola']","[0.5632965165675446, 0.4800339847068819, 0.7731520815632965]",['Reed Organ']
82,catech2,iteration2,"['Hammond Organ', 'Viola']","[0.5423976608187134, 0.8735380116959064]",['Hammond Organ']
83,catech2,iteration3,['Viola'],[1.0],['Viola']
84,men1,initial iteration,"['piano track 4', 'piano track 5', 'piano track 1', 'piano track 2', 'piano track 3']","[0.091, 0.289, 0.222, 0.497, 0.142]",['piano track 4']
85,men1,iteration1,"['piano track 5', 'piano track 1', 'piano track 2', 'piano track 3']","[0.2410054213898472, 0.5991867915229176, 0.23952686052242483, 0.25948743223262694]",['piano track 3']
86,men1,iteration2,"['piano track 5', 'piano track 1', 'piano track 2']","[0.24169970267591676, 0.6057978196233895, 0.2654856293359762]",['piano track 5']
87,men1,iteration3,"['piano track 1', 'piano track 2']","[0.7519657883846048, 0.29562698303214235]",['piano track 2']
88,catech1,initial iteration,"['Clarinet', 'String Ensemble 1', 'Pad 1 (New Age)', 'Brass Section']","[0.165, 0.185, 0.711, 0.82]",['Clarinet']
89,catech1,iteration1,"['String Ensemble 1', 'Pad 1 (New Age)', 'Brass Section']","[0.7131163904971052, 0.3944899181473348, 0.8019564783389899]",['String Ensemble 1']
90,catech1,iteration2,"['Pad 1 (New Age)', 'Brass Section']","[0.5292183152036428, 0.9678725018972932]",['Pad 1 (New Age)']
91,catech1,iteration3,['Brass Section'],[1.0],['Brass Section']
92,pre1,initial iteration,"['piano track 4', 'piano track 1', 'piano track 2', 'piano track 3']","[0.377, 0.916, 0.387, 0.399]",['piano track 4']
93,pre1,iteration1,"['piano track 1', 'piano track 2', 'piano track 3']","[0.983900643974241, 0.8184605949095369, 0.48022079116835326]",['piano track 3']
94,pre1,iteration2,"['piano track 1', 'piano track 2']","[0.9804311267390308, 0.8157774040666564]",['piano track 2']
95,pre1,iteration3,['piano track 1'],[1.0],['piano track 1']
96,05anwass,initial iteration,"['piano track 4', 'piano track 1', 'piano track 2', 'piano track 3']","[0.312, 0.397, 0.293, 0.268]",['piano track 3']
97,05anwass,iteration1,"['piano track 4', 'piano track 1', 'piano track 2']","[0.5267175572519084, 0.7476425684777728, 0.9110911540188594]",['piano track 4']
98,05anwass,iteration2,"['piano track 1', 'piano track 2']","[0.8011435832274459, 0.9637865311308768]",['piano track 2']
99,05anwass,iteration3,['piano track 1'],[1.0],['piano track 1']
100,04esistd,initial iteration,"['piano track 4', 'piano track 1', 'piano track 2', 'piano track 3']","[0.592, 0.674, 0.557, 0.279]",['piano track 3']
101,04esistd,iteration1,"['piano track 4', 'piano track 1', 'piano track 2']","[0.5039123630672926, 0.7284820031298904, 0.7809076682316118]",['piano track 4']
102,04esistd,iteration2,"['piano track 1', 'piano track 2']","[0.8781954887218045, 0.8766917293233083]",['piano track 1']
103,04esistd,iteration3,['piano track 2'],[1.0],['piano track 2']
104,14oherre,initial iteration,"['piano track 4', 'piano track 1', 'piano track 2', 'piano track 3']","[0.191, 0.573, 0.396, -0.27]",['piano track 3']
105,14oherre,iteration1,"['piano track 4', 'piano track 1', 'piano track 2']","[0.3944099378881988, 0.7950310559006211, 0.8888198757763975]",['piano track 2']
106,14oherre,iteration2,"['piano track 4', 'piano track 1']","[0.46318289786223277, 0.7577197149643705]",['piano track 4']
107,14oherre,iteration3,['piano track 1'],[1.0],['piano track 1']
108,catech10,initial iteration,"['Clarinet', 'Hammond Organ', 'Pad 1(new age)', 'Viola', 'String Ensemble', 'Oboe', 'Contrabass', 'Trombone', 'Trumpet']","[0.103, 0.707, 0.749, 0.887, 0.075, -0.043, 0.115, 0.823, 0.888]",['Oboe']
109,catech10,iteration1,"['Clarinet', 'Hammond Organ', 'Pad 1(new age)', 'Viola', 'String Ensemble', 'Contrabass', 'Trombone', 'Trumpet']","[0.9391589107204412, 0.09195105136159945, 0.296794208893485, 0.5480006894174423, 0.8454843157531886, 0.8508273009307136, 0.2233712512926577, 0.6131506377111341]",['Clarinet']
110,catech10,iteration2,"['Hammond Organ', 'Pad 1(new age)', 'Viola', 'String Ensemble', 'Contrabass', 'Trombone', 'Trumpet']","[0.10029990003332223, 0.3104798400533156, 0.530489836721093, 0.8496334555148284, 0.8539653448850383, 0.22492502499166944, 0.6028823725424859]",['String Ensemble']
111,catech10,iteration3,"['Hammond Organ', 'Pad 1(new age)', 'Viola', 'Contrabass', 'Trombone', 'Trumpet']","[0.10337905654064905, 0.3318835731013717, 0.53203412512546, 0.865423218467715, 0.2269989963198394, 0.6068919371027099]",['Contrabass']
112,catech11,initial iteration,"['Lead 2(sawtooth)', 'Lead 5(charang)', 'String Ensemble', 'Brass Section', 'Contrabass', 'Trumpet']","[0.16, 0.121, -0.014, 0.408, 0.066, 0.656]",['String Ensemble']
113,catech11,iteration1,"['Lead 2(sawtooth)', 'Lead 5(charang)', 'Brass Section', 'Contrabass', 'Trumpet']","[0.9820160908660672, 0.8310459062943681, 0.9947941315664931, 0.7543776620918126, 1.0]",['Contrabass']
114,catech11,iteration2,"['Lead 2(sawtooth)', 'Lead 5(charang)', 'Brass Section', 'Trumpet']","[0.984811366976972, 0.829985301322881, 0.9955903968642822, 1.0]",['Lead 5(charang)']
115,catech11,iteration3,"['Lead 2(sawtooth)', 'Brass Section', 'Trumpet']","[0.9842559674961909, 0.994413407821229, 0.9994921279837481]",['Lead 2(sawtooth)']
116,all2,initial iteration,"['piano track 4', 'piano track 1', 'piano track 2', 'piano track 3']","[-0.03, 0.716, 0.64, 0.077]",['piano track 4']
117,all2,iteration1,"['piano track 1', 'piano track 2', 'piano track 3']","[0.6416524651818769, 0.0888523241464418, 0.8192395839454663]",['piano track 3']
118,all2,iteration2,"['piano track 1', 'piano track 2']","[0.9752840169976584, 0.12149856907466829]",['piano track 2']
119,all2,iteration3,['piano track 1'],[1.0],['piano track 1']
