,Audio file name,Iterations,Tracks,Correlations,Tracks removed
0,Schubert_audio_2,initial iteration,"['Right ', 'Left']","[0.838, 0.024]",['Left']
1,Schubert_audio_2,iteration1,"['Right ', 'Pedale']","[0.9490265486725664, 0.0]",['Right ']
2,muss_1,initial iteration,"['Piano right', 'Piano left']","[0.907, 0.346]",['Piano left']
3,muss_1,iteration1,['Piano right'],[0.9793482153515578],['Piano right']
4,Schubert_audio_1,initial iteration,"['Piano right', 'Piano left']","[0.856, 0.463]",['Piano left']
5,Schubert_audio_1,iteration1,['Piano right'],[1.0],['Piano right']
6,Schubert_audio_5,initial iteration,"['Piano right', 'Piano left']","[0.918, 0.232]",['Piano left']
7,Schubert_audio_5,iteration1,['Piano right'],[1.0],['Piano right']
8,alb_se8,initial iteration,"['Piano right', 'Piano left']","[0.948, 0.499]",['Piano left']
9,alb_se8,iteration1,['Piano right'],[1.0],['Piano right']
10,Choplin_audio_3,initial iteration,"['Piano right', 'Piano left']","[0.799, 0.081]",['Piano left']
11,Choplin_audio_3,iteration1,['Piano right'],[1.0],['Piano right']
12,Mozart_audio_3,initial iteration,"['Piano right', 'Piano left']","[0.938, -0.066]",['Piano left']
13,Mozart_audio_3,iteration1,"['Piano right', 'Pedale']","[0.9793615850302697, 0.0]",['Piano right']
14,Mozart_audio_2,initial iteration,"['Piano right', 'Piano left']","[0.776, 0.036]",['Piano left']
15,Mozart_audio_2,iteration1,"['Piano right', 'Pedal']","[0.9533951390628915, 0.0]",['Piano right']
16,Choplin_audio_2,initial iteration,"['Piano right', 'Piano left']","[0.844, 0.316]",['Piano left']
17,Choplin_audio_2,iteration1,['Piano right'],[1.0],['Piano right']
18,Mozart_audio_1,initial iteration,"['Piano right', 'Piano left']","[0.763, 0.183]",['Piano left']
19,Mozart_audio_1,iteration1,"['Piano right', 'Pedal']","[0.9700621712099474, 0.0]",['Piano right']
20,Choplin_audio_1,initial iteration,"['Piano right', 'Piano left']","[0.803, 0.109]",['Piano left']
21,Choplin_audio_1,iteration1,['Piano right'],[1.0],['Piano right']
22,Choplin_audio_5,initial iteration,"['Piano right', 'Piano left']","[0.814, 0.086]",['Piano left']
23,Choplin_audio_5,iteration1,"['Piano right', 'Pedal']","[0.9902836322069015, 0.0]",['Piano right']
24,Choplin_audio_4,initial iteration,"['Piano right', 'Piano left']","[0.956, 0.165]",['Piano left']
25,Choplin_audio_4,iteration1,['Piano right'],[1.0],['Piano right']
26,Choplin_audio_6,initial iteration,"['Piano right', 'Piano left']","[0.683, 0.038]",['Piano left']
27,Choplin_audio_6,iteration1,"['Piano right', 'Pedal']","[0.9442560406952099, 0.0]",['Piano right']
28,Beth_audio_1,initial iteration,"['Piano right', 'Piano left']","[0.929, 0.193]",['Piano left']
29,Beth_audio_1,iteration1,"['Piano right', 'Pedale']","[0.9690623512613041, 0.0]",['Piano right']
30,Beth_audio_3,initial iteration,"['Piano right', 'Piano left']","[0.941, 0.206]",['Piano left']
31,Beth_audio_3,iteration1,"['Piano right', 'Pedale']","[0.956941919433547, 0.0]",['Piano right']
32,Beth_audio_2,initial iteration,"['Piano right', 'Piano left']","[0.669, 0.31]",['Piano left']
33,Beth_audio_2,iteration1,"['Piano right', 'Pedale']","[0.9578559738134206, 0.0]",['Piano right']
34,alb_esp3,initial iteration,"['Piano right', 'Piano left']","[0.857, 0.119]",['Piano left']
35,alb_esp3,iteration1,['Piano right'],[1.0],['Piano right']
36,alb_se4,initial iteration,"['Piano right', 'Piano left']","[0.928, 0.272]",['Piano left']
37,alb_se4,iteration1,['Piano right'],[1.0],['Piano right']
38,alb_se5,initial iteration,"['Piano right', 'Piano left']","[0.78, 0.228]",['Piano left']
39,alb_se5,iteration1,['Piano right'],[1.0],['Piano right']
40,alb_esp2,initial iteration,"['Piano right', 'Piano left']","[0.918, 0.217]",['Piano left']
41,alb_esp2,iteration1,['Piano right'],[1.0],['Piano right']
42,alb_se7,initial iteration,"['Piano right', 'Piano left']","[0.831, 0.713]",['Piano left']
43,alb_se7,iteration1,['Piano right'],[1.0],['Piano right']
44,alb_se6,initial iteration,"['Piano right', 'Piano left']","[0.887, 0.469]",['Piano left']
45,alb_se6,iteration1,['Piano right'],[1.0],['Piano right']
46,alb_esp1,initial iteration,"['Piano right', 'Piano left']","[0.837, 0.477]",['Piano left']
47,alb_esp1,iteration1,['Piano right'],[1.0],['Piano right']
48,alb_esp5,initial iteration,"['Piano right', 'Piano left']","[0.935, 0.339]",['Piano left']
49,alb_esp5,iteration1,['Piano right'],[1.0],['Piano right']
50,alb_se2,initial iteration,"['Piano right', 'Piano left']","[0.935, 0.609]",['Piano left']
51,alb_se2,iteration1,['Piano right'],[1.0],['Piano right']
52,alb_se3,initial iteration,"['Piano right', 'Piano left']","[0.906, 0.602]",['Piano left']
53,alb_se3,iteration1,['Piano right'],[1.0],['Piano right']
54,alb_esp4,initial iteration,"['Piano right', 'Piano left']","[0.935, 0.387]",['Piano left']
55,alb_esp4,iteration1,['Piano right'],[1.0],['Piano right']
56,alb_esp6,initial iteration,"['Piano right', 'Piano left']","[0.847, 0.393]",['Piano left']
57,alb_esp6,iteration1,['Piano right'],[1.0],['Piano right']
58,alb_se1,initial iteration,"['Piano right', 'Piano left']","[0.761, 0.321]",['Piano left']
59,alb_se1,iteration1,['Piano right'],[1.0],['Piano right']