,Audio file name,Iterations,Tracks,Correlations,Tracks removed
0,pop_audio1,initial iteration,"['Pad 1 (new age)', 'Acoustic Bass', 'Adele - Hello(2015)', 'Lead 6 (voice)', 'Words & Music by Greg Kurstin & Adele Atkins(2015)', 'Acoustic Grand', 'FX7 (echoes)', 'Sequence by Geoffrey Carter 25th October 2015', 'Choir Aahs']","[0.105, nan, 0.806, 0.948, 0.546, 0.175, 0.543, 0.333, 0.531]",['Pad 1 (new age)']
1,pop_audio1,iteration1,"['Acoustic Bass', 'Adele - Hello(2015)', 'Lead 6 (voice)', 'Words & Music by Greg Kurstin & Adele Atkins(2015)', 'Acoustic Grand', 'FX7 (echoes)', 'Percussion', 'Sequence by Geoffrey Carter 25th October 2015', 'Choir Aahs']","[0.0003090871625798475, 0.8291778281475376, 0.29167525242118275, 0.32732330517205854, 0.21048835771687616, 0.4374613641046775, 0.0, 0.07160519266433134, 0.4622913661652586]",['Acoustic Bass']
2,pop_audio1,iteration2,"['Adele - Hello(2015)', 'Lead 6 (voice)', 'Words & Music by Greg Kurstin & Adele Atkins(2015)', 'Acoustic Grand', 'FX7 (echoes)', 'Percussion', 'Sequence by Geoffrey Carter 25th October 2015', 'Choir Aahs']","[0.8289764729539514, 0.2942891614719485, 0.3197265232254173, 0.20752061130102553, 0.44359541524230844, 0.0, 0.0710838528051478, 0.4663181178363161]",['Sequence by Geoffrey Carter 25th October 2015']
3,pop_audio1,iteration3,"['Adele - Hello(2015)', 'Lead 6 (voice)', 'Words & Music by Greg Kurstin & Adele Atkins(2015)', 'Acoustic Grand', 'FX7 (echoes)', 'Percussion', 'Choir Aahs']","[0.9148543689320389, 0.3221359223300971, 0.3312621359223301, 0.17699029126213592, 0.4979611650485437, 0.0, 0.5322330097087379]",['Acoustic Grand']
4,pop_audio2,initial iteration,"['Drum Track 2', 'Pan Flute Lead', 'Pan Flute', 'Strings 2', 'Guitar 1', 'Strings 1', 'Guitar 2', 'Intro Lead', 'Bass']","[nan, 0.43, -0.365, 0.302, -0.076, 0.302, -0.079, 0.652, 0.036]",['Drum Track 2']
5,pop_audio2,iteration1,"['Drum Track 1', 'Pan Flute Lead', 'Pan Flute', 'Strings 2', 'Guitar 1', 'Strings 1', 'Guitar 2', 'Intro Lead', 'Bass']","[0.0, 0.747719298245614, 0.9067836257309941, 0.790233918128655, 0.22953216374269006, 0.7671929824561403, 0.27783625730994155, 0.10333333333333333, 0.4939766081871345]",['Pan Flute']
6,pop_audio2,iteration2,"['Drum Track 1', 'Pan Flute Lead', 'Strings 2', 'Guitar 1', 'Strings 1', 'Guitar 2', 'Intro Lead', 'Bass']","[0.0, 0.7520734074466208, 0.794365037350744, 0.23086877242515147, 0.7714252102817482, 0.2794541497558967, 0.09870007646609023, 0.48991235809658257]",['Guitar 2']
7,pop_audio2,iteration3,"['Drum Track 1', 'Pan Flute Lead', 'Strings 2', 'Guitar 1', 'Strings 1', 'Intro Lead', 'Bass']","[0.0, 0.745681488911178, 0.8045246851666109, 0.25922211077677476, 0.7728741780898251, 0.0935027304134626, 0.48980274155800735]",['Guitar 1']
8,pop_audio49,initial iteration,"['New Age', 'Strings', 'Bass']","[0.602, 0.392, 0.032]",['Bass']
9,pop_audio49,iteration1,"['Drums', 'New Age', 'Strings']","[0.0, 0.5509029569359, 0.7324866044850169]",['Strings']
10,pop_audio49,iteration2,"['Drums', 'New Age']","[0.0, 0.9724325603407478]",['New Age']
11,pop_audio49,iteration3,['Drums'],[1],[None]
12,pop_audio3,initial iteration,"['Hypersaw heaven 2 (MIDI)', 'Keys (MIDI)', 'Deep2 (MIDI)', 'Keys #2 (MIDI)', '4 drawbars (MIDI)']","[0.428, -0.12, -0.192, 0.004, -0.288]",['4 drawbars (MIDI)']
13,pop_audio3,iteration1,"['Hypersaw heaven 2 (MIDI)', 'Keys (MIDI)', 'FPC (MIDI)', 'Deep2 (MIDI)', 'Keys #2 (MIDI)']","[0.1443374375228575, 0.5221260514445935, 0.0, 0.29172254053395097, 0.6962087041326344]",['Deep2 (MIDI)']
14,pop_audio3,iteration2,"['Hypersaw heaven 2 (MIDI)', 'Keys (MIDI)', 'FPC (MIDI)', 'Keys #2 (MIDI)']","[0.1743808136277037, 0.49333183906757816, 0.0, 0.682169673876499]",['Keys (MIDI)']
15,pop_audio3,iteration3,"['Hypersaw heaven 2 (MIDI)', 'FPC (MIDI)', 'Keys #2 (MIDI)']","[0.2106437969924812, 0.0, 0.8097979323308271]",['Keys #2 (MIDI)']
16,pop_audio7,initial iteration,"['Dist Guit', 'Ride Cym', 'reso synth', 'More lead strings', 'Lead Strings', 'Mellow Strings', 'Bass', 'Snare']","[0.144, 0.001, -0.391, 0.73, 0.791, 0.454, -0.045, 0.273]",['reso synth']
17,pop_audio7,iteration1,"['Dist Guit', 'Ride Cym', 'More lead strings', 'Lead Strings', 'Mellow Strings', 'Bass', 'Kick', 'Snare']","[0.512920255626563, 0.004445679355376493, 0.9113642678521812, 0.9427618782995276, 0.45734926368435674, 0.041122534037232567, 0.0, 0.0033342595165323703]",['Ride Cym']
18,pop_audio7,iteration2,"['Dist Guit', 'More lead strings', 'Lead Strings', 'Mellow Strings', 'Bass', 'Kick', 'Snare']","[0.5105287786616752, 0.9059429106223678, 0.9342536265793168, 0.43752924660739356, 0.03696771174543753, 0.0, 0.0028076743097800653]",['Dist Guit']
19,pop_audio7,iteration3,"['More lead strings', 'Lead Strings', 'Mellow Strings', 'Bass', 'Kick', 'Snare']","[0.9053840955170084, 0.9344446947510701, 0.4318540211759405, 0.03604415408875873, 0.0, 0.0027033115566569045]",['Bass']
20,pop_audio4,initial iteration,"['Chorus', 'Strings', 'Bass #2', 'Voice', 'Lead']","[-0.159, 0.202, 0.003, 0.362, 0.402]",['Chorus']
21,pop_audio4,iteration1,"['Drums', 'Ed Sheeran - Shape of You', 'cprato.com', 'Strings', 'Bass #2', 'Carlo Prato', 'Voice', 'Lead']","[0.0, 0.0, 0.0, 0.13617107121242686, 0.09380673794633851, 0.0, 0.7125277385515433, 0.8325600161387936]",['Bass #2']
22,pop_audio4,iteration2,"['Drums', 'Ed Sheeran - Shape of You', 'cprato.com', 'Strings', 'Carlo Prato', 'Voice', 'Lead']","[0.0, 0.0, 0.0, 0.1397933320335348, 0.0, 0.7141743029830376, 0.8354455059465783]",['Strings']
23,pop_audio4,iteration3,"['Drums', 'Ed Sheeran - Shape of You', 'cprato.com', 'Carlo Prato', 'Voice', 'Lead']","[0.0, 0.0, 0.0, 0.0, 0.7175273865414711, 0.8362676056338029]",['Voice']
24,pop_audio5,initial iteration,"['DRUMS', 'TOMS', 'HARMONY', 'ACCORDIAN', 'STRINGS', 'HARMONICA', 'STEEL DRUMS', 'BASS', 'LEAD']","[-0.148, 0.116, 0.782, 0.236, 0.336, 0.117, -0.017, -0.107, 0.28]",['DRUMS']
25,pop_audio5,iteration1,"['TOMS', 'piano track 1', 'HARMONY', 'piano track 2', 'Dan Dowd', 'ACCORDIAN', 'STRINGS', 'HARMONICA', 'I Can C Clearly', 'STEEL DRUMS', 'BASS', 'LEAD', 'aol cardnil']","[0.006756756756756757, 0.0, 0.6831600831600831, 0.0, 0.0, 0.20623700623700625, 0.5111226611226611, 0.2812889812889813, 0.0, 0.10103950103950105, 0.2369022869022869, 0.7760914760914761, 0.0]",['BASS']
26,pop_audio5,iteration2,"['TOMS', 'piano track 1', 'HARMONY', 'piano track 2', 'Dan Dowd', 'ACCORDIAN', 'STRINGS', 'HARMONICA', 'I Can C Clearly', 'STEEL DRUMS', 'LEAD', 'aol cardnil']","[0.007304526748971194, 0.0, 0.6810699588477366, 0.0, 0.0, 0.20905349794238684, 0.5077160493827161, 0.285082304526749, 0.0, 0.10267489711934157, 0.779835390946502, 0.0]",['STEEL DRUMS']
27,pop_audio5,iteration3,"['TOMS', 'piano track 1', 'HARMONY', 'piano track 2', 'Dan Dowd', 'ACCORDIAN', 'STRINGS', 'HARMONICA', 'I Can C Clearly', 'LEAD', 'aol cardnil']","[0.007603464870067372, 0.0, 0.697497593840231, 0.0, 0.0, 0.21193455245428297, 0.48748796920115495, 0.29797882579403273, 0.0, 0.7864292589027911, 0.0]",['HARMONICA']
28,pop_audio15,initial iteration,"['Sawer #3 (MIDI)', 'Stairs (MIDI)', 'Sawer (MIDI)', 'Keys (MIDI)', 'Absynth 5 (MIDI)', 'Sawer #2 (MIDI)', 'Keys #2 (MIDI)', 'BooBass (MIDI)']","[0.403, 0.078, -0.101, 0.155, -0.264, 1.0, -0.041, -0.08]",['Absynth 5 (MIDI)']
29,pop_audio15,iteration1,"['Sawer #3 (MIDI)', 'Stairs (MIDI)', 'Sawer (MIDI)', 'Keys (MIDI)', 'FPC #2 (MIDI)', 'FPC (MIDI)', 'Sawer #2 (MIDI)', 'Keys #2 (MIDI)', 'BooBass (MIDI)']","[0.029221456898351074, 0.049467752035065746, 0.010227509914422877, 0.5076184512627844, 0.0, 0.0, 0.0068879148403256105, 0.6706324358171571, 0.029430181590482152]",['Sawer (MIDI)']
30,pop_audio15,iteration2,"['Sawer #3 (MIDI)', 'Stairs (MIDI)', 'Keys (MIDI)', 'FPC #2 (MIDI)', 'FPC (MIDI)', 'Sawer #2 (MIDI)', 'Keys #2 (MIDI)', 'BooBass (MIDI)']","[0.030316154179298397, 0.05132091814638372, 0.5207882200086618, 0.0, 0.0, 0.0067128627111303595, 0.6957557384148982, 0.030532698137721956]",['BooBass (MIDI)']
31,pop_audio15,iteration3,"['Sawer #3 (MIDI)', 'Stairs (MIDI)', 'Keys (MIDI)', 'FPC #2 (MIDI)', 'FPC (MIDI)', 'Sawer #2 (MIDI)', 'Keys #2 (MIDI)']","[0.03700159489633174, 0.07607655502392345, 0.5062200956937799, 0.0, 0.0, 0.004784688995215311, 0.6794258373205742]",['Stairs (MIDI)']
32,pop_audio14,initial iteration,"['2 Electric', '5 Bass', '13 Pizz', '6 Orchestra Hit', '1 Guitar', '3 Strings', '9 Sawtooth', '4 Bell', '11 Pad', '8 Notes', '10 Drums', '12 Chorus']","[0.183, -0.308, -0.136, -0.556, 0.141, 0.106, -0.037, 0.005, -0.043, 0.063, -0.999, 0.022]",['10 Drums']
33,pop_audio14,iteration1,"['2 Electric', '5 Bass', '10 Drums Clap', '13 Pizz', '6 Orchestra Hit', '1 Guitar', '3 Strings', 'Track 17', '9 Sawtooth', '4 Bell', '11 Pad', '8 Notes', '12 Chorus', 'Cinderella - Britney Spears', '14 Gunshot']","[0.07878878059668179, 0.11926195967561937, 0.0, 0.015177442154601593, 0.003571162859906257, 0.08831188155643181, 0.08258314113533219, 0.0, 0.07692879994048062, 0.15750316196711553, 0.17186221263298862, 0.43456588051484263, 0.07172085410311732, 0.0, 0.0]",['5 Bass']
34,pop_audio14,iteration2,"['2 Electric', '10 Drums Clap', '13 Pizz', '6 Orchestra Hit', '1 Guitar', '3 Strings', 'Track 17', '9 Sawtooth', '4 Bell', '11 Pad', '8 Notes', '12 Chorus', 'Cinderella - Britney Spears', '14 Gunshot']","[0.08097648109556416, 0.0, 0.01518309020541828, 0.003572491813039595, 0.09050312593033641, 0.08425126525751712, 0.0, 0.07539446263768979, 0.15763620125037214, 0.16991664185769575, 0.4278058946114915, 0.07308722834176838, 0.0, 0.0]",['9 Sawtooth']
35,pop_audio14,iteration3,"['2 Electric', '10 Drums Clap', '13 Pizz', '6 Orchestra Hit', '1 Guitar', '3 Strings', 'Track 17', '4 Bell', '11 Pad', '8 Notes', '12 Chorus', 'Cinderella - Britney Spears', '14 Gunshot']","[0.08195694716242662, 0.0, 0.00735812133072407, 0.0041487279843444224, 0.09001956947162426, 0.08547945205479453, 0.0, 0.1571037181996086, 0.1785518590998043, 0.44500978473581215, 0.0760078277886497, 0.0, 0.0]",['11 Pad']
36,pop_audio16,initial iteration,"['Whistle', 'Strings', 'Melody', 'Bass', 'Chords', 'Sax', 'Background Vocals']","[0.968, -0.647, 0.309, 0.031, 0.015, -0.482, 0.218]",['Strings']
37,pop_audio16,iteration1,"['Reverse Cymbal', 'Tambourine', 'Whistle', 'Sea Shore', 'Open Hi Hat', 'Crash Cymbal', 'Overdriven Guitar', 'Bass Drum', 'Melody', 'Bass', 'Splash Cymbal', 'Chords', 'Snare Drum', 'Hi Hat', 'Sax', 'Claps', 'Background Vocals']","[0.0, 0.0, 0.00699196667658435, 0.0, 0.0, 0.0, 0.0, 0.0, 0.7000892591490627, 0.038530199345432906, 0.0, 0.7163046712288009, 0.0, 0.0, 0.3753347218089854, 0.0, 0.13671526331448974]",['Sax']
38,pop_audio16,iteration2,"['Reverse Cymbal', 'Tambourine', 'Whistle', 'Sea Shore', 'Open Hi Hat', 'Crash Cymbal', 'Overdriven Guitar', 'Bass Drum', 'Melody', 'Bass', 'Splash Cymbal', 'Chords', 'Snare Drum', 'Hi Hat', 'Claps', 'Background Vocals']","[0.0, 0.0, 0.006983655274888559, 0.0, 0.0, 0.0, 0.0, 0.0, 0.7063893016344726, 0.03848439821693908, 0.0, 0.7191679049034175, 0.0, 0.0, 0.0, 0.1365527488855869]",['Chords']
39,pop_audio16,iteration3,"['Reverse Cymbal', 'Tambourine', 'Whistle', 'Sea Shore', 'Open Hi Hat', 'Crash Cymbal', 'Overdriven Guitar', 'Bass Drum', 'Melody', 'Bass', 'Splash Cymbal', 'Snare Drum', 'Hi Hat', 'Claps', 'Background Vocals']","[0.0, 0.0, 0.00657379871654406, 0.0, 0.0, 0.0, 0.0, 0.0, 0.7656910314603225, 0.039755830333385506, 0.0, 0.0, 0.0, 0.0, 0.14775395210518077]",['Bass']
40,pop_audio17,initial iteration,"['SynthBass G-040', 'Sweep G-96', 'Vocal G-092', 'Dist Gtr G-31', 'Analog Pad G-051', 'Overdrive Gtr G-30', 'Mute Gtr G-029', 'Overdrive G-030']","[-0.137, 0.825, 0.091, -0.066, -0.105, 0.733, -0.253, 0.281]",['Mute Gtr G-029']
41,pop_audio17,iteration1,"['SynthBass G-040', 'Toms', 'More Birds G-124', 'Sweep G-96', 'Vocal G-092', 'Bass Drum', 'Dist Gtr G-31', 'Analog Pad G-051', 'Overdrive Gtr G-30', 'Overdrive G-030', 'The Birds G-124', 'Snare', 'Crash Drums GM-129', 'Hi Hat']","[0.35931943379122794, 0.0, 0.0, 0.9995816191339516, 0.5197684959207866, 0.0, 0.2079352904260512, 0.5905445924273063, 0.5175371313018617, 0.02705529600446273, 0.0, 0.0, 0.0, 0.0]",['SynthBass G-040']
42,pop_audio17,iteration2,"['Toms', 'More Birds G-124', 'Sweep G-96', 'Vocal G-092', 'Bass Drum', 'Dist Gtr G-31', 'Analog Pad G-051', 'Overdrive Gtr G-30', 'Overdrive G-030', 'The Birds G-124', 'Snare', 'Crash Drums GM-129', 'Hi Hat']","[0.0, 0.0, 0.9996227601383213, 0.5828984596038982, 0.0, 0.17767997485067588, 0.5095253065073876, 0.4557057529078906, 0.019050613014775227, 0.0, 0.0, 0.0, 0.0]",['Analog Pad G-051']
43,pop_audio17,iteration3,"['Toms', 'More Birds G-124', 'Sweep G-96', 'Vocal G-092', 'Bass Drum', 'Dist Gtr G-31', 'Overdrive Gtr G-30', 'Overdrive G-030', 'The Birds G-124', 'Snare', 'Crash Drums GM-129', 'Hi Hat']","[0.0, 0.0, 0.9996202531645569, 0.5801898734177215, 0.0, 0.16854430379746835, 0.44962025316455695, 0.016265822784810126, 0.0, 0.0, 0.0, 0.0]",['Overdrive G-030']
44,pop_audio13,initial iteration,"['Drums', 'Piano', 'Choir', 'Melody', 'Bass', 'Guitar', 'Saxophone']","[-0.525, 0.394, -0.416, 0.912, 0.308, 0.398, 0.038]",['Drums']
45,pop_audio13,iteration1,"['Piano', 'Choir', 'Melody', 'Bass', 'Guitar', 'Saxophone']","[0.48340503995082973, 0.013952059004302396, 0.7136447449293177, 0.5972956361401353, 0.3229256299938537, 0.09969268592501536]",['Choir']
46,pop_audio13,iteration2,"['Piano', 'Melody', 'Bass', 'Guitar', 'Saxophone']","[0.4750089466778003, 0.7130502206847191, 0.5956101634259812, 0.33561970654896817, 0.09841345580341167]",['Saxophone']
47,pop_audio13,iteration3,"['Piano', 'Melody', 'Bass', 'Guitar']","[0.47697138869504535, 0.7095254710397767, 0.6010118632240056, 0.3273435682716911]",['Bass']
48,pop_audio12,initial iteration,"['Drums', 'Piano', 'Rock Organ', 'SynthBrass 1', 'Bass', 'VOICE', 'LEAD', 'Electric Piano1']","[-0.022, 0.107, 0.094, 0.412, -0.011, 0.846, 0.956, -0.069]",['Electric Piano1']
49,pop_audio12,iteration1,"['Drums', 'Piano', 'Rock Organ', 'SynthBrass 1', 'Bass', 'VOICE', 'LEAD']","[0.020706996006507914, 0.46819997041857714, 0.0733619287087709, 0.051471675787605385, 0.08726519745599763, 0.37013755361632894, 0.9908297589114037]",['Drums']
50,pop_audio12,iteration2,"['Piano', 'Rock Organ', 'SynthBrass 1', 'Bass', 'VOICE', 'LEAD']","[0.46722494946578114, 0.07110886514582732, 0.05125613629800751, 0.08764077389546636, 0.3693329483107132, 0.9901819231879873]",['Bass']
51,pop_audio12,iteration3,"['Piano', 'Rock Organ', 'SynthBrass 1', 'VOICE', 'LEAD']","[0.46992375035300765, 0.07857949731714205, 0.05210392544478961, 0.3669867269133013, 0.9827026263767298]",['Piano']
52,pop_audio38,initial iteration,"['Drums', 'Piano', 'Bells', 'Pizacatto', 'Bells Delay', 'Strings', 'Melody', 'Bass']","[nan, 0.78, -1.0, 0.405, nan, 0.318, 0.673, 0.122]",['Drums']
53,pop_audio38,iteration1,"['Piano', 'Bells', 'Pizacatto', 'Bells Delay', 'Strings', 'Melody', 'Bass']","[0.5175616835994195, 0.0009675858732462506, 0.0648282535074988, 0.0009675858732462506, 0.6091920657958394, 0.7916787614900822, 0.5995162070633768]",['Bells']
54,pop_audio38,iteration2,"['Piano', 'Pizacatto', 'Bells Delay', 'Strings', 'Melody', 'Bass']","[0.5187673994432178, 0.06556590189113948, 0.0009599692809830085, 0.6076605548622445, 0.7895747336085245, 0.5980608620524144]",['Bass']
55,pop_audio38,iteration3,"['Piano', 'Pizacatto', 'Bells Delay', 'Strings', 'Melody']","[0.5226285824568175, 0.06696902441377979, 0.0, 0.6118884492907459, 0.7961015150053073]",['Strings']
56,pop_audio10,initial iteration,"['Picked Bass', 'Piano Bass', 'Lead Piano', 'Brass Section', 'Voice Choir', 'Young Thug', 'Camila Cabello', 'Choir Strings', 'Trumpet']","[0.08, -0.152, -0.009, 0.737, -0.173, 0.598, 0.17, 0.302, 0.428]",['Voice Choir']
57,pop_audio10,iteration1,"['Picked Bass', 'FX 2', 'FX 1', 'Drumset', 'Piano Bass', 'Lead Piano', 'Brass Section', 'Young Thug', 'Camila Cabello', 'Choir Strings', 'Trumpet']","[0.61129983908457, 0.0, 0.0, 0.0, 0.3221884498480243, 0.13946003933488288, 0.004827462900053639, 0.17307348471303416, 0.3804755944931164, 0.15537278741283747, 0.07777579116753085]",['Piano Bass']
58,pop_audio10,iteration2,"['Picked Bass', 'FX 2', 'FX 1', 'Drumset', 'Lead Piano', 'Brass Section', 'Young Thug', 'Camila Cabello', 'Choir Strings', 'Trumpet']","[0.6460354633656742, 0.0, 0.0, 0.0, 0.14419538307126128, 0.004349280695884911, 0.16527266644362662, 0.40113750418200067, 0.15155570424891268, 0.08514553362328538]",['Trumpet']
59,pop_audio10,iteration3,"['Picked Bass', 'FX 2', 'FX 1', 'Drumset', 'Lead Piano', 'Brass Section', 'Young Thug', 'Camila Cabello', 'Choir Strings']","[0.6591606960081884, 0.0, 0.0, 0.0, 0.1485841009894234, 0.004435346298191744, 0.1711020129648584, 0.4273285568065507, 0.15540771067894915]",['Camila Cabello']
60,pop_audio11,initial iteration,"['Piano', 'Distorted Guitar', 'Harmony Voice', 'Bass Guitar', 'Low Background Vox ', 'High Rhythm Melody', 'Strings', '2nd Lead Vox', 'Low Rhythm Melody ', '2nd Rhythm Melody', 'High Background Vox', 'Lead Guitar', 'Rhythm Guitar', 'Lead Vox']","[0.509, 0.241, 0.607, -0.139, -0.027, 0.366, 0.653, -0.197, 0.237, 0.047, -0.005, 0.128, 0.045, 0.299]",['2nd Lead Vox']
61,pop_audio11,iteration1,"['Drums', 'Piano', 'Distorted Guitar', 'Harmony Voice', 'Bass Guitar', 'Low Background Vox ', 'High Rhythm Melody', 'Strings', 'Low Rhythm Melody ', '2nd Rhythm Melody', 'High Background Vox', 'Lead Guitar', 'Rhythm Guitar', 'Lead Vox']","[0.0, 0.07461450235758889, 0.17847585064355806, 0.12629030202625208, 0.3213329935007009, 0.04307378616031604, 0.2622021154581369, 0.48387918949917164, 0.2477379890403976, 0.0931566203644705, 0.032878807187460175, 0.08105008283420416, 0.16018860711099783, 0.6162864789091372]",['Bass Guitar']
62,pop_audio11,iteration2,"['Drums', 'Piano', 'Distorted Guitar', 'Harmony Voice', 'Low Background Vox ', 'High Rhythm Melody', 'Strings', 'Low Rhythm Melody ', '2nd Rhythm Melody', 'High Background Vox', 'Lead Guitar', 'Rhythm Guitar', 'Lead Vox']","[0.0, 0.07414596273291925, 0.17824792960662525, 0.1296583850931677, 0.04218426501035197, 0.25834627329192544, 0.48835403726708076, 0.24508281573498966, 0.09446169772256728, 0.03254399585921325, 0.08003364389233955, 0.1622670807453416, 0.6184653209109731]",['Rhythm Guitar']
63,pop_audio11,iteration3,"['Drums', 'Piano', 'Distorted Guitar', 'Harmony Voice', 'Low Background Vox ', 'High Rhythm Melody', 'Strings', 'Low Rhythm Melody ', '2nd Rhythm Melody', 'High Background Vox', 'Lead Guitar', 'Lead Vox']","[0.0, 0.07527790417993889, 0.1792888253266593, 0.1298186309562504, 0.04212442306442177, 0.2590522004810505, 0.4858610154066177, 0.24611584216342716, 0.09315478125203146, 0.03126828316973282, 0.08021842293440812, 0.6176298511343691]",['Low Background Vox ']
64,pop_audio34,initial iteration,"['extra', 'Synth', 'Choir', 'Guitar Lead 2', 'Strings', 'Guitar Lead 1', 'Flute 1', 'Melody', 'Bass', 'Slow Strings', 'Picolo']","[0.848, -0.386, 0.743, 0.053, 0.678, 0.026, 0.842, 0.552, 0.063, 0.609, 0.883]",['Synth']
65,pop_audio34,iteration1,"['Drums', 'extra', 'Choir', 'Guitar Lead 2', 'Strings', 'Guitar Lead 1', 'Flute 1', 'Melody', 'Bass', 'Slow Strings', 'Picolo']","[0.0, 0.7071088343668553, 0.0958928731913364, 0.058056978520715376, 0.5235912644917767, 0.024624786555226028, 0.14253617327222073, 0.4740720769299901, 0.3534645456996495, 0.09445492945088524, 0.11081153949851712]",['Guitar Lead 1']
66,pop_audio34,iteration2,"['Drums', 'extra', 'Choir', 'Guitar Lead 2', 'Strings', 'Flute 1', 'Melody', 'Bass', 'Slow Strings', 'Picolo']","[0.0, 0.7037169406719085, 0.09515725518227305, 0.06620800571837027, 0.5218906361686919, 0.14152966404574696, 0.47140814867762687, 0.3514117226590422, 0.0942637598284489, 0.1099892780557541]",['Guitar Lead 2']
67,pop_audio34,iteration3,"['Drums', 'extra', 'Choir', 'Strings', 'Flute 1', 'Melody', 'Bass', 'Slow Strings', 'Picolo']","[0.0, 0.7125169453230908, 0.09624943515589697, 0.5286037053773158, 0.14315408947130592, 0.47681879801174876, 0.35544509715318573, 0.09534568459105287, 0.11125169453230908]",['Bass']
68,pop_audio23,initial iteration,"['Piano', 'Flute', 'Melody', 'Bass', 'Guitar']","[0.487, 0.29, 0.344, 0.134, 0.41]",['Bass']
69,pop_audio23,iteration1,"['Drums', 'Piano', 'Flute', 'Melody', 'Guitar']","[8.426729586247578e-05, 0.34279935956855145, 0.21648268307070026, 0.8018033201314569, 0.3115361928035729]",['Flute']
70,pop_audio23,iteration2,"['Drums', 'Piano', 'Melody', 'Guitar']","[8.549931600547196e-05, 0.33105335157318744, 0.855249658002736, 0.31412448700410395]",['Guitar']
71,pop_audio23,iteration3,"['Drums', 'Piano', 'Melody']","[8.097165991902834e-05, 0.2977327935222672, 0.8778137651821862]",['Piano']
72,pop_audio36,initial iteration,"['drums', 'vocals 2', 'strings', 'vocals 1', 'bass', 'orchestra 1']","[0.046, 0.867, 0.902, 0.89, 0.268, 0.838]",['drums']
73,pop_audio36,iteration1,"['vocals 2', 'strings', 'vocals 1', 'bass', 'orchestra 1']","[0.5697633872976339, 0.2694894146948941, 0.53359900373599, 0.7203985056039851, 0.2706849315068493]",['bass']
74,pop_audio36,iteration2,"['vocals 2', 'strings', 'vocals 1', 'orchestra 1']","[0.5662788385043755, 0.2798329355608592, 0.5443019093078759, 0.29191527446300713]",['orchestra 1']
75,pop_audio36,iteration3,"['vocals 2', 'strings', 'vocals 1']","[0.6075673431255515, 0.3061192712928842, 0.5709762806871853]",['vocals 1']
76,pop_audio26,initial iteration,"['Drums', 'Piano', 'Bass2', 'Strings4', 'Melody', 'Strings1', 'Strings3', 'Bass', 'Strings2', 'Guitar']","[0.227, 0.524, 0.023, 0.597, 0.532, 0.734, 0.126, 0.116, 0.749, 0.212]",['Bass2']
77,pop_audio26,iteration1,"['Drums', 'Piano', 'Strings4', 'Melody', 'Strings1', 'Strings3', 'Bass', 'Strings2', 'Guitar']","[0.03026789528284616, 0.33392323183010925, 0.6309879782754623, 0.6161591505461647, 0.56721791664124, 0.17739671690974554, 0.053884176481357175, 0.6912796729114542, 0.5699639958503692]",['Bass']
78,pop_audio26,iteration2,"['Drums', 'Piano', 'Strings4', 'Melody', 'Strings1', 'Strings3', 'Strings2', 'Guitar']","[0.030280185953009173, 0.3298781253926373, 0.6422289232315618, 0.614461615780877, 0.5839929639401935, 0.18130418394270637, 0.7050508857896721, 0.5770197260962433]",['Strings3']
79,pop_audio26,iteration3,"['Drums', 'Piano', 'Strings4', 'Melody', 'Strings1', 'Strings2', 'Guitar']","[0.030287796908382555, 0.32996104059318837, 0.6421389971094633, 0.6141761970591931, 0.5835113736332789, 0.7052909387960287, 0.5772904360940053]",['Drums']
80,pop_audio27,initial iteration,"['Drums', 'Piano', 'Atmsosphere', 'Melody', 'Bass', 'Guitar']","[0.317, 0.854, 0.894, 0.718, 0.118, 0.659]",['Bass']
81,pop_audio27,iteration1,"['Drums', 'Piano', 'Spring', 'Atmsosphere', 'Melody', 'Guitar']","[0.0005843966104996591, 0.6745884873867731, 0.0, 0.0846401090873673, 0.7378981201909028, 0.6368949060095451]",['Drums']
82,pop_audio27,iteration2,"['Piano', 'Spring', 'Atmsosphere', 'Melody', 'Guitar']","[0.706129744506361, 0.0, 0.09368100094627274, 0.782988119020082, 0.6526127641678057]",['Atmsosphere']
83,pop_audio27,iteration3,"['Piano', 'Spring', 'Melody', 'Guitar']","[0.7042948650635305, 0.0, 0.7853617557492387, 0.6570408484721201]",['Guitar']
84,pop_audio19,initial iteration,"['Piano', 'Trommer overgang', 'Synth', 'Melodi', 'Synth 2', 'Synth 1', 'Fyll String', 'Gitar', 'Bass', 'Sang']","[-0.215, -0.999, 0.099, 0.215, 0.161, -0.013, 0.306, 0.053, -0.189, 0.375]",['Trommer overgang']
85,pop_audio19,iteration1,"['Piano', 'Trommer', 'Synth', 'Melodi', 'Synth 2', 'Synth 1', 'New Midi', 'Fyll String', 'Gitar', 'Bass', 'Sang']","[0.14609155511485705, 0.0, 0.6460089241447695, 0.5644521566683193, 0.31928606841844326, 0.501404726491489, 0.0, 0.1715418939018344, 0.229300941993059, 0.07825152867294662, 0.31606346058502727]",['Piano']
86,pop_audio19,iteration2,"['Trommer', 'Synth', 'Melodi', 'Synth 2', 'Synth 1', 'New Midi', 'Fyll String', 'Gitar', 'Bass', 'Sang']","[0.0, 0.6455329023702967, 0.5674622907342947, 0.31385711917785514, 0.5009945300845351, 0.0, 0.17089341952594067, 0.22857616442897397, 0.07923089673462622, 0.31990717719211004]",['Bass']
87,pop_audio19,iteration3,"['Trommer', 'Synth', 'Melodi', 'Synth 2', 'Synth 1', 'New Midi', 'Fyll String', 'Gitar', 'Sang']","[0.0, 0.6458451331013836, 0.5635569220810746, 0.32138522534185615, 0.49445748037867143, 0.0, 0.16935027105752892, 0.2310866574965612, 0.31628772554413787]",['Synth 1']
88,pop_audio25,initial iteration,"['vocal 2', 'synth 3', 'synth 2', 'vocal 3', 'vocal 1', 'synth 1', 'bass']","[0.703, 0.662, -0.999, 0.64, 0.849, 0.152, 0.056]",['synth 2']
89,pop_audio25,iteration1,"['vocal 2', 'synth 3', 'vocal 3', 'vocal 1', 'synth 1', 'bass']","[0.40741989881956153, 0.6903878583473861, 0.42878021360314783, 0.34390106801573916, 0.10623946037099494, 0.1821247892074199]",['bass']
90,pop_audio25,iteration2,"['vocal 2', 'synth 3', 'vocal 3', 'vocal 1', 'synth 1']","[0.42488524996898647, 0.7198858702394244, 0.4456022825952115, 0.3746433444982012, 0.11412976057561097]",['synth 1']
91,pop_audio25,iteration3,"['vocal 2', 'synth 3', 'vocal 3', 'vocal 1']","[0.4545604214685545, 0.8551201843924926, 0.48057293381626603, 0.4950609153770168]",['vocal 2']
92,pop_audio30,initial iteration,"['Piano   ', 'Strings ', 'Guitar  ', 'Bass    ', 'Trombone', 'Sax']","[0.08, -0.077, -0.134, 0.051, 0.23, 0.772]",['Guitar  ']
93,pop_audio30,iteration1,"['Piano   ', 'Strings ', 'Drums   ', 'Bass    ', 'Trombone', 'Sax']","[0.2141656662665066, 0.04189675870348139, 0.00012004801920768308, 0.5061224489795918, 0.7545018007202882, 0.24789915966386555]",['Strings ']
94,pop_audio30,iteration2,"['Piano   ', 'Drums   ', 'Bass    ', 'Trombone', 'Sax']","[0.21450042082481663, 0.00012023566189731875, 0.50583142960202, 0.7549597210532644, 0.2482866418179632]",['Bass    ']
95,pop_audio30,iteration3,"['Piano   ', 'Drums   ', 'Trombone', 'Sax']","[0.2188134176912976, 0.0001193744777366599, 0.7554016951175838, 0.2477020413035693]",['Piano   ']
96,pop_audio8,initial iteration,"['Piano', 'Flute', 'Pan Flute', 'Choir', 'New Age', 'Melody', 'String', 'Sting', 'Bass']","[-0.112, 0.425, -0.485, -0.193, 0.9, 0.32, 0.273, -0.022, -0.165]",['Pan Flute']
97,pop_audio8,iteration1,"['Piano', 'Sequenced by ', 'O', 'Flute', 'By Abba', 'Choir', 'New Age', 'My Love My Life', 'Melody', 'String', 'Sting', 'Bass']","[0.6269405302125627, 0.0, 0.00011941724385001195, 0.2379985669930738, 0.0, 0.29937903033197993, 0.9627418199187963, 0.0, 0.8612371626462861, 0.07165034631000716, 0.4350370193455935, 0.05624552185335562]",['Choir']
98,pop_audio8,iteration2,"['Piano', 'Sequenced by ', 'O', 'Flute', 'By Abba', 'New Age', 'My Love My Life', 'Melody', 'String', 'Sting', 'Bass']","[0.6276824034334764, 0.0, 0.00011921793037672866, 0.23760133524082022, 0.0, 0.9628040057224606, 0.0, 0.8614687649022413, 0.0715307582260372, 0.4346685741535527, 0.05603242727706247]",['Bass']
99,pop_audio8,iteration3,"['Piano', 'Sequenced by ', 'O', 'Flute', 'By Abba', 'New Age', 'My Love My Life', 'Melody', 'String', 'Sting']","[0.6268745536776957, 0.0, 0.00011901928112354201, 0.23018328969293025, 0.0, 0.9628659842894549, 0.0, 0.859676267555344, 0.07224470364199, 0.4328731254463223]",['Piano']
100,pop_audio43,initial iteration,"['Piano', 'Intro Chime Synth', 'Strings', 'Bass', 'Guitar', 'Crystal Runs', 'Lead Vox']","[0.148, -0.052, 0.022, 0.074, -0.042, -0.614, 0.694]",['Crystal Runs']
101,pop_audio43,iteration1,"['Drums', 'Piano', 'Intro Chime Synth', 'Strings', 'Bass', 'Guitar', 'Lead Vox']","[0.0, 0.35847633415048086, 0.37356213464076937, 0.4486139920799547, 0.5195172543843107, 0.025457288327361872, 0.14557797473128417]",['Guitar']
102,pop_audio43,iteration2,"['Drums', 'Piano', 'Intro Chime Synth', 'Strings', 'Bass', 'Lead Vox']","[0.0008778089887640449, 0.33514747191011235, 0.3558637640449438, 0.45804073033707865, 0.5242275280898876, 0.16274578651685392]",['Drums']
103,pop_audio43,iteration3,"['Piano', 'Intro Chime Synth', 'Strings', 'Bass', 'Lead Vox']","[0.2598870056497175, 0.3218677301429046, 0.48753738783649053, 0.6011964107676969, 0.15553339980059822]",['Strings']
104,pop_audio9,initial iteration,"['piano track 7', 'piano track 6', 'piano track 4', 'MADONNA', 'piano track 5', 'Sequenciada Por:', 'piano track 1', 'fabriciaviana@zipmai', 'piano track 3', 'piano track 12', 'Fabrícia Viana', 'piano track 10', 'piano track 11', '(085) 232 5206', 'Beautiful Stranger', 'e-mail:', 'piano track 8', 'piano track 9', 'l.com.br']","[0.293, 0.316, 0.424, 0.072, -0.114, 0.041, 0.202, -0.003, -0.434, 0.038, 0.177, -0.608, -0.389, -0.218, 0.041, 0.068, -0.094, 0.409, 0.085]",['piano track 10']
105,pop_audio9,iteration1,"['piano track 7', 'piano track 6', 'piano track 4', 'MADONNA', 'piano track 5', 'Sequenciada Por:', 'piano track 1', 'fabriciaviana@zipmai', 'piano track 2', 'piano track 3', 'piano track 12', 'Fabrícia Viana', 'piano track 11', '(085) 232 5206', 'Beautiful Stranger', 'e-mail:', 'piano track 8', 'piano track 9', 'l.com.br']","[0.40349824230472436, 0.4057275143616565, 0.3397925062162394, 0.012775443710880562, 0.05075880991168653, 0.21915459144302496, 0.321958329760782, 0.24153305324530566, 0.0, 0.0006859298636714396, 0.003343908085398268, 0.05170196347423476, 0.35891280116608076, 0.16187944782645974, 0.2549944268198577, 0.08994255337391752, 0.3078110263225585, 0.4924119008831347, 0.43042098945382834]",['piano track 3']
106,pop_audio9,iteration2,"['piano track 7', 'piano track 6', 'piano track 4', 'MADONNA', 'piano track 5', 'Sequenciada Por:', 'piano track 1', 'fabriciaviana@zipmai', 'piano track 2', 'piano track 12', 'Fabrícia Viana', 'piano track 11', '(085) 232 5206', 'Beautiful Stranger', 'e-mail:', 'piano track 8', 'piano track 9', 'l.com.br']","[0.40909842845326716, 0.4120760959470637, 0.34152191894127376, 0.012324234904880067, 0.05144747725392887, 0.23126550868486354, 0.3159636062861869, 0.25856079404466503, 0.0, 0.0032258064516129032, 0.05641025641025641, 0.3584780810587262, 0.15574855252274608, 0.2506203473945409, 0.09586435070306037, 0.3133167907361456, 0.48767576509511995, 0.4645161290322581]",['piano track 11']
107,pop_audio9,iteration3,"['piano track 7', 'piano track 6', 'piano track 4', 'MADONNA', 'piano track 5', 'Sequenciada Por:', 'piano track 1', 'fabriciaviana@zipmai', 'piano track 2', 'piano track 12', 'Fabrícia Viana', '(085) 232 5206', 'Beautiful Stranger', 'e-mail:', 'piano track 8', 'piano track 9', 'l.com.br']","[0.4031955653378984, 0.4062117877231597, 0.33659411429037256, 0.01214640906497106, 0.05070514388195973, 0.22841770604059672, 0.31001874949050295, 0.2548300317926143, 0.0, 0.0031792614331132307, 0.055596315317518546, 0.15350126355262086, 0.24700415749572022, 0.09448112823021114, 0.3090405152033912, 0.4955571859460341, 0.46392761066275373]",['(085) 232 5206']
108,pop_audio40,initial iteration,"['Piano', 'Guitar2', 'Guitar1', 'Choir', 'Strings', 'Piano2', 'Melody', 'Bass', 'Slap Bass']","[0.223, 0.403, -0.066, -0.03, 0.208, 0.315, 0.49, -0.256, 0.115]",['Bass']
109,pop_audio40,iteration1,"['Guitar3', 'Drums', 'Piano', 'Guitar2', 'Guitar1', 'Choir', 'Strings', 'Piano2', 'Melody', 'Slap Bass']","[0.0, 0.0, 0.27791014295439076, 0.01123213070115725, 0.022719537100068073, 0.01055139550714772, 0.22098366235534378, 0.44579646017699115, 0.7803778080326753, 0.06466984343090537]",['Guitar1']
110,pop_audio40,iteration2,"['Guitar3', 'Drums', 'Piano', 'Guitar2', 'Choir', 'Strings', 'Piano2', 'Melody', 'Slap Bass']","[0.0, 0.0, 0.27903752039151714, 0.011500815660685155, 0.010114192495921697, 0.2135399673735726, 0.4561990212071778, 0.7812398042414356, 0.061908646003262645]",['Choir']
111,pop_audio40,iteration3,"['Guitar3', 'Drums', 'Piano', 'Guitar2', 'Strings', 'Piano2', 'Melody', 'Slap Bass']","[0.0, 0.0, 0.2970789310130516, 0.010954008701056556, 0.2033871970167806, 0.43450901180857676, 0.788377874456184, 0.05896519577377253]",['Slap Bass']
112,pop_audio45,initial iteration,"['Piano', 'Background Voices', 'Guitar2', 'Percussion2', 'pads', 'piano track 0', 'Aaron', 'Calliope leads', 'Bass', 'Cello', 'Guitar', 'Aaron2']","[0.458, 0.542, 0.588, -0.369, -0.075, 0.174, 0.629, -0.163, 0.092, -0.056, 0.185, 0.53]",['Percussion2']
113,pop_audio45,iteration1,"['reverse cymbal', 'Piano', 'Background Voices', 'Guitar2', 'pads', 'piano track 0', 'Aaron', 'Calliope leads', 'Percussion', 'Bass', 'Cello', 'Guitar', 'Aaron2']","[0.0, 0.27524286134824844, 0.11186340889019723, 0.30585811009714453, 0.7678834265528407, 0.011333529584927877, 0.8201354136002355, 0.6560200176626435, 0.0, 0.21607300559317044, 0.40874300853694434, 0.4771857521342361, 0.2618486900206064]",['pads']
114,pop_audio45,iteration2,"['reverse cymbal', 'Piano', 'Background Voices', 'Guitar2', 'piano track 0', 'Aaron', 'Calliope leads', 'Percussion', 'Bass', 'Cello', 'Guitar', 'Aaron2']","[0.0, 0.28691691967982336, 0.10709356886558101, 0.2978194866133039, 0.010488545404361027, 0.8076179961357991, 0.6351090256693348, 0.0, 0.21101297267457908, 0.41719569417609714, 0.4733646149599779, 0.2629036709908915]",['Calliope leads']
115,pop_audio45,iteration3,"['reverse cymbal', 'Piano', 'Background Voices', 'Guitar2', 'piano track 0', 'Aaron', 'Percussion', 'Bass', 'Cello', 'Guitar', 'Aaron2']","[0.0, 0.29035352151274324, 0.10633050150726227, 0.2961085228829816, 0.010413812003288572, 0.8093998355713894, 0.0, 0.2106056453822965, 0.41764867086873114, 0.47560975609756095, 0.2603453000822143]",['Cello']
116,pop_audio46,initial iteration,"['Organ', '12 String', '6 String', 'Syn Vox', 'Chips', 'Brass', 'Strings', 'Melody', 'Bass', 'Kick', 'Solo Organ']","[1.0, -0.053, -0.315, 0.717, 0.277, 0.601, 0.294, 0.631, -0.005, -0.089, 0.47]",['6 String']
117,pop_audio46,iteration1,"['Organ', '12 String', 'Syn Vox', 'Chips', 'Brass', 'Strings', 'Melody', 'Bass', 'Kick', 'Solo Organ']","[0.032293462925223386, 0.4422323248158018, 0.2989496786330146, 0.10330772848408841, 0.41134974133876784, 0.6819250666248629, 0.5311177300517322, 0.073052202539583, 0.003762345195171657, 0.016303495845743848]",['Kick']
118,pop_audio46,iteration2,"['Organ', '12 String', 'Syn Vox', 'Chips', 'Brass', 'Strings', 'Melody', 'Bass', 'Solo Organ']","[0.030088995620850403, 0.4446955784715355, 0.3119084616471253, 0.10608843056928945, 0.41587794886283375, 0.70758581720582, 0.533267410651222, 0.08391015680180816, 0.015962706596976975]",['12 String']
119,pop_audio46,iteration3,"['Organ', 'Syn Vox', 'Chips', 'Brass', 'Strings', 'Melody', 'Bass', 'Solo Organ']","[0.030623926731539783, 0.32083571837435604, 0.09788208357183743, 0.4159988551803091, 0.704779622209502, 0.5433600457927876, 0.0888666285060103, 0.01688609044075558]",['Bass']
